dataset,source_domain,n,n_conflict_valid,mean_conflict_intensity,median_conflict_intensity,p90_conflict_intensity,p95_conflict_intensity,p97_5_conflict_intensity,a1_domain_threshold,threshold_ci_low,threshold_ci_high,high_conflict_n,high_conflict_rate,high_conflict_wilson_low,high_conflict_wilson_high,threshold_tie_rate,norm_zero_cell_rate,norm_one_cell_rate,q_equal_mean,q_huber_mean,delta_q_median,median_abs_delta_q_high_conflict,median_abs_delta_q_other,delta_q_mean_high_conflict,delta_q_median_high_conflict,delta_q_q25_high_conflict,delta_q_q75_high_conflict,delta_q_positive_share_high_conflict,delta_q_negative_share_high_conflict,delta_q_mean_other,delta_q_median_other,delta_q_q25_other,delta_q_q75_other,delta_q_positive_share_other,delta_q_negative_share_other
a1,arxiv,1419,1419,0.43563133518310915,0.4382232734351328,0.4602238689046727,0.46603175151955184,0.46887979936122587,0.46603175151955184,0.4644490081791605,0.4671695875995309,71,0.05003523608174771,0.03985690318366031,0.06264324391043206,0.0,0.016785188032545327,0.023095649945544236,0.5309537345094659,0.557533357775328,0.02866390164324073,0.04381072834417843,0.028664792831594732,0.039875334423384576,0.04381072834417843,0.02787901355278566,0.056751197877751625,0.9577464788732394,0.04225352112676056,0.025879329874034098,0.028031573530395704,0.012783984416667726,0.04202695815206478,0.8864985163204748,0.11350148367952523
a1,book,171,171,0.4048502797813124,0.4097883983343754,0.44263875982570744,0.44760982010119876,0.4560800846576926,0.44760982010119876,0.443050971849926,0.4568298605925809,9,0.05263157894736842,0.027933598386268188,0.09698791032233443,0.0,0.08054226475279107,0.030037214247740564,0.43039891389824364,0.4295801511175182,-0.00858362188479872,0.039285135166062746,0.01973105616365467,0.042104549345171556,0.039285135166062746,0.026495042580405914,0.05748531974351112,1.0,0.0,-0.003203391232164226,-0.010605002625330595,-0.022276054167124554,0.01219519784256827,0.3765432098765432,0.6234567901234568
a1,c4,10000,10000,0.32700809459081615,0.3241483319781385,0.40175370516597514,0.4187634770695783,0.4304828878020707,0.4187634770695783,0.4172378975567971,0.42058526231499677,500,0.05,0.04589848269058477,0.05444711584302416,0.0,0.0052590909090909094,0.0045636363636363635,0.5676765941466457,0.5710061148897193,0.004303851446124829,0.025018154015524458,0.007813321128010642,-0.00586157268982139,-0.0056136169864300645,-0.0306131454073217,0.019731219107389925,0.434,0.566,0.003813262502699589,0.004428003881576992,-0.0010368926337883666,0.011029520445456076,0.684,0.316
a1,commoncrawl,9640,9640,0.29269629231302347,0.2883330194075418,0.36240655556118656,0.3833701125765997,0.3986584350768851,0.3833701125765997,0.3814957568385321,0.3854799332450125,482,0.05,0.0458257522561539,0.05453274730580879,0.0,0.0006790018672551349,0.003857107829268753,0.5297443554504307,0.5308705368066702,0.00012008147801173541,0.02022741775751466,0.0030403789871086273,0.011670476026511148,0.012729507925145322,-0.008525443564294619,0.029381158906914506,0.6452282157676349,0.35477178423236516,0.0005712184788568168,9.348434978664888e-05,-0.001905036880503544,0.0038583500229009138,0.5434592705830967,0.45654072941690327
a1,github,10000,10000,0.33021378476292435,0.3231510921353854,0.41090603760038225,0.4294319905547465,0.4425986364646587,0.4294319905547465,0.4276841997326884,0.43118456940489247,500,0.05,0.04589848269058477,0.05444711584302416,0.0,0.007009090909090909,0.004127272727272728,0.4041537047762419,0.3901391714373694,-0.009949503252709407,0.04969136388558967,0.009503898039865954,-0.04780444595388949,-0.04969136388558967,-0.056960945410304345,-0.04100870659160763,0.016,0.984,-0.012236116885450501,-0.009231281327899632,-0.018448409228900786,-0.003091878773678919,0.11473684210526315,0.8852631578947369
a1,stackexchange,10000,10000,0.2741051523249769,0.27124321929967565,0.33968247983200583,0.3598472443062697,0.37455584903132594,0.3598472443062697,0.35747753902059926,0.36225934906822616,500,0.05,0.04589848269058477,0.05444711584302416,0.0,0.0007681818181818181,0.0017363636363636364,0.5150076849077941,0.5153367245547095,6.040741443197328e-05,0.011740720665545407,0.002206467345979485,-0.0029503976841619454,-0.0014467273519076507,-0.01443486158311437,0.00800957563664273,0.464,0.536,0.0005016416117089934,6.290897365338055e-05,-0.0011254510057140676,0.0030774845870334966,0.5544210526315789,0.4455789473684211
a1,wikipedia,10000,10000,0.3122450296012487,0.30691278922835624,0.3930218871168155,0.4078789842124311,0.42027414790153184,0.4078789842124311,0.40591660134277024,0.40924161626424654,500,0.05,0.04589848269058477,0.05444711584302416,0.0,0.0014682752538797924,0.0026228941841753566,0.48305780593002084,0.4774208555151423,-0.0008082718454296978,0.03551998562451161,0.004468297773029151,-0.025695614347366308,-0.033021050736210145,-0.04521644434376293,-0.013058354914616904,0.172,0.828,-0.004581231260537025,-0.00047458998591110024,-0.00805010134351461,0.0024848384342818497,0.4325263157894737,0.5674736842105264
a2,arxiv,17523,17523,0.4364668561352659,0.43927933118060647,0.46013174247492145,0.465187182137478,0.4692624735237712,0.46603175151955184,0.4644490081791605,0.4671695875995309,784,0.044741197283570164,0.0417787246022816,0.04790323335424666,0.0,0.017483515172267098,0.02406188230533377,0.5296808960417848,0.556024730548217,0.029098689191512928,0.03724496347969897,0.02970577455785106,0.0310220523222847,0.03630739126722238,0.0161494386358228,0.0524183432197477,0.8711734693877551,0.1288265306122449,0.026124722088269124,0.02887823273909751,0.012692197110129505,0.04261538913354873,0.878905549913376,0.12109445008662405
a3,github,203752,203752,0.3304282197703263,0.3236476275226421,0.41073723633779996,0.4300421949065246,0.4428667373968776,0.4294319905547465,0.4276841997326884,0.43118456940489247,10468,0.05137618281047548,0.050426039794900346,0.052343241855621864,0.0,0.007288719818192486,0.0044983394470504805,0.40372936944616167,0.3896643545527362,-0.010131977776311613,0.04897667644292297,0.009629928312555741,-0.04750278601176742,-0.048971603658392565,-0.0569859670692955,-0.04066221925667851,0.015475735575085976,0.984524264424914,-0.012254070438287919,-0.009375500052674623,-0.018792401978421913,-0.0029773663947778167,0.11655905299973096,0.883440947000269
