grid_id,source_run_id,N_params_B,D_tokens_B,N_parameters,D_tokens,observed_exact,matched_run_id,observed_val_loss,m0_predicted_val_loss
8,8,0.070542,0.134,70542000,134000000,True,8,4.7388,4.738596534344956
9,9,0.070542,0.268,70542000,268000000,True,9,4.3541,4.35472814506313
10,10,0.070542,0.537,70542000,537000000,True,10,4.0384,4.037780658439814
11,11,0.070542,1.074,70542000,1074000000,True,11,3.7776,3.7774937251755762
12,12,0.070542,2.097,70542000,2097000000,True,12,3.5698,3.5698629338698034
13,13,0.070542,4.194,70542000,4194000000,True,13,3.3922,3.392088334710602
14,14,0.070542,6.291,70542000,6291000000,True,14,3.3024,3.3030079608572973
15,15,0.070542,8.389,70542000,8389000000,True,15,3.2452,3.245639584078467
16,16,0.070542,10.486,70542000,10486000000,True,16,3.2041,3.204237726070806
17,17,0.070542,12.583,70542000,12583000000,True,17,3.172,3.172276828465419
18,18,0.070542,14.68,70542000,14680000000,True,18,3.1466,3.146497507704912
19,19,0.070542,16.777,70542000,16777000000,True,19,3.1248,3.125047735324993
20,20,0.070542,18.874,70542000,18874000000,True,20,3.1064,3.1067815834917885
21,21,0.070542,20.972,70542000,20972000000,True,21,3.0913,3.090937259262238
22,22,0.070542,23.069,70542000,23069000000,True,22,3.077,3.0770082475890432
23,23,0.070542,25.166,70542000,25166000000,True,23,3.0646,3.0646123273897925
24,24,0.070542,27.263,70542000,27263000000,True,24,3.0531,3.0534726174847138
25,25,0.070542,29.36,70542000,29360000000,True,25,3.0432,3.0433789167666854
26,26,0.070542,31.457,70542000,31457000000,True,26,3.0342,3.034168177830083
27,27,0.070542,33.554,70542000,33554000000,True,27,3.0254,3.0257115845298816
28,28,0.070542,35.652,70542000,35652000000,True,28,3.018,3.0179021551616345
29,29,0.070542,37.749,70542000,37749000000,True,29,3.0105,3.010663146506209
30,30,0.070542,39.846,70542000,39846000000,True,30,3.0039,3.003921356223641
31,31,0.070542,41.943,70542000,41943000000,True,31,2.9975,2.997619038194978
32,32,0.070542,44.04,70542000,44040000000,True,32,2.9921,2.9917076280930033
33,33,0.070542,46.137,70542000,46137000000,True,33,2.9861,2.9861459261858094
34,34,0.070542,48.234,70542000,48234000000,True,34,2.9807,2.9808987042587125
35,35,0.070542,50.332,70542000,50332000000,True,35,2.9761,2.975933320595597
36,36,0.070542,52.429,70542000,52429000000,True,36,2.971,2.9712282006321384
37,37,0.070542,54.526,70542000,54526000000,True,37,2.9668,2.9667579805300357
38,38,0.070542,56.623,70542000,56623000000,True,38,2.9621,2.9625025528837536
39,39,0.070542,58.72,70542000,58720000000,True,39,2.9582,2.958444197011698
40,40,0.070542,60.817,70542000,60817000000,True,40,2.9546,2.9545672221648145
41,41,0.070542,62.915,70542000,62915000000,True,41,2.951,2.9508559432426593
42,42,0.070542,65.012,70542000,65012000000,True,42,2.9473,2.9473014335698133
43,43,0.070542,67.109,70542000,67109000000,True,43,2.9439,2.943890717824711
44,44,0.070542,69.206,70542000,69206000000,True,44,2.9406,2.9406137509063326
45,45,0.070542,71.303,70542000,71303000000,True,45,2.9372,2.9374614672707926
46,46,0.070542,73.4,70542000,73400000000,True,46,2.9343,2.934425659878045
47,47,0.070542,75.497,70542000,75497000000,True,47,2.9314,2.931498877076593
48,48,0.070542,77.595,70542000,77595000000,True,48,2.9289,2.928673010788564
49,49,0.070542,79.692,70542000,79692000000,True,49,2.926,2.925944559298974
50,50,0.070542,81.789,70542000,81789000000,True,50,2.923,2.923306484562613
51,51,0.070542,83.886,70542000,83886000000,True,51,2.9208,2.9207535882946094
52,52,0.070542,85.983,70542000,85983000000,True,52,2.9182,2.918281091780247
53,53,0.070542,88.08,70542000,88080000000,True,53,2.9158,2.9158845927449244
54,54,0.070542,90.178,70542000,90178000000,True,54,2.9137,2.91355893559667
55,55,0.070542,92.275,70542000,92275000000,True,55,2.9115,2.9113025777450074
56,56,0.070542,94.372,70542000,94372000000,True,56,2.9093,2.9091109119236296
57,57,0.070542,96.469,70542000,96469000000,True,57,2.9068,2.9069807064574262
58,58,0.070542,98.566,70542000,98566000000,True,58,2.9049,2.9049089569451625
59,59,0.070542,100.663,70542000,100663000000,True,59,2.903,2.9028928658400863
60,60,0.070542,102.76,70542000,102760000000,True,60,2.9011,2.900929824247286
61,61,0.070542,104.858,70542000,104858000000,True,61,2.8989,2.899016495379502
62,62,0.070542,106.955,70542000,106955000000,True,62,2.8971,2.8971524236274058
63,63,0.070542,109.052,70542000,109052000000,True,63,2.8951,2.8953345512396464
64,64,0.070542,111.149,70542000,111149000000,True,64,2.8933,2.8935608772842816
65,65,0.070542,113.246,70542000,113246000000,True,65,2.892,2.89182952318131
66,66,0.070542,115.343,70542000,115343000000,True,66,2.8904,2.890138723118608
67,67,0.070542,117.441,70542000,117441000000,True,67,2.8885,2.8884860366543688
68,68,0.070542,119.538,70542000,119538000000,True,68,2.8871,2.8868714731843936
69,69,0.070542,121.635,70542000,121635000000,True,69,2.8854,2.8852927594515196
70,70,0.070542,123.732,70542000,123732000000,True,70,2.8836,2.8837485016647135
71,71,0.070542,125.829,70542000,125829000000,True,71,2.8823,2.882237382684181
72,72,0.070542,127.926,70542000,127926000000,True,72,2.8811,2.8807581566113365
73,73,0.070542,130.023,70542000,130023000000,True,73,2.8793,2.879309643842188
74,74,0.070542,132.121,70542000,132121000000,True,74,2.8782,2.877890056785291
75,75,0.070542,134.218,70542000,134218000000,True,75,2.876,2.876499688080937
76,76,0.070542,136.315,70542000,136315000000,True,76,2.8753,2.8751368477142476
77,77,0.070542,138.412,70542000,138412000000,True,77,2.8738,2.873800579565911
78,78,0.070542,140.509,70542000,140509000000,True,78,2.8724,2.872489974574226
79,79,0.070542,142.606,70542000,142606000000,True,79,2.8712,2.8712041677575573
80,80,0.070542,144.703,70542000,144703000000,True,80,2.8696,2.8699423354658293
81,81,0.070542,146.801,70542000,146801000000,True,81,2.8687,2.868703107578202
82,82,0.070542,148.898,70542000,148898000000,True,82,2.8676,2.8674869167302175
83,83,0.070542,150.995,70542000,150995000000,True,83,2.8666,2.8662924526450384
84,84,0.070542,153.092,70542000,153092000000,True,84,2.865,2.8651190334295866
85,85,0.070542,155.189,70542000,155189000000,True,85,2.8638,2.8639660075611952
86,86,0.070542,157.286,70542000,157286000000,True,86,2.8628,2.86283275214618
87,87,0.070542,159.384,70542000,159384000000,True,87,2.8619,2.8617181445086906
88,88,0.070542,161.481,70542000,161481000000,True,88,2.8607,2.8606226765871714
89,89,0.070542,163.578,70542000,163578000000,True,89,2.8595,2.8595452663071277
90,90,0.070542,165.675,70542000,165675000000,True,90,2.8586,2.858485390174311
91,91,0.070542,167.772,70542000,167772000000,True,91,2.8575,2.857442546253318
92,92,0.070542,169.869,70542000,169869000000,True,92,2.8566,2.8564162530233976
93,93,0.070542,171.966,70542000,171966000000,True,93,2.8553,2.8554060483082635
94,94,0.070542,174.064,70542000,174064000000,True,94,2.8544,2.854411017660248
95,95,0.070542,176.161,70542000,176161000000,True,95,2.8534,2.853431683035922
96,96,0.070542,178.258,70542000,178258000000,True,96,2.8522,2.852467156565969
97,97,0.070542,180.355,70542000,180355000000,True,97,2.8516,2.8515170440504143
98,98,0.070542,182.452,70542000,182452000000,True,98,2.8506,2.8505809662117385
99,99,0.070542,184.549,70542000,184549000000,True,99,2.8497,2.8496585579661597
100,100,0.070542,186.647,70542000,186647000000,True,100,2.8487,2.8487490373415376
101,101,0.070542,188.744,70542000,188744000000,True,101,2.8476,2.847852932530225
102,102,0.070542,190.841,70542000,190841000000,True,102,2.8469,2.8469694804161936
103,103,0.070542,192.938,70542000,192938000000,True,103,2.8461,2.8460983662328547
104,104,0.070542,195.035,70542000,195035000000,True,104,2.8451,2.8452392863573364
105,105,0.070542,197.132,70542000,197132000000,True,105,2.8444,2.844391947801167
106,106,0.070542,199.229,70542000,199229000000,True,106,2.8436,2.8435560677293776
107,107,0.070542,201.327,70542000,201327000000,True,107,2.8431,2.842730982358481
108,108,0.070542,203.424,70542000,203424000000,True,108,2.842,2.841917214264231
109,109,0.070542,205.521,70542000,205521000000,True,109,2.8412,2.841114112529897
110,110,0.070542,207.618,70542000,207618000000,True,110,2.8403,2.8403214306353055
111,111,0.070542,209.715,70542000,209715000000,True,111,2.8392,2.8395389301746916
112,112,0.070542,211.812,70542000,211812000000,True,112,2.8388,2.838766380511637
113,113,0.070542,213.91,70542000,213910000000,True,113,2.838,2.8380031969695296
114,114,0.070542,216.007,70542000,216007000000,True,114,2.8377,2.8372498909361865
115,115,0.070542,218.104,70542000,218104000000,True,115,2.8365,2.8365058871207443
116,116,0.070542,220.201,70542000,220201000000,True,116,2.8358,2.835770982859073
117,117,0.070542,222.298,70542000,222298000000,True,117,2.8351,2.835044981778992
118,118,0.070542,224.395,70542000,224395000000,True,118,2.8341,2.8343276935477606
119,119,0.070542,226.492,70542000,226492000000,True,119,2.8338,2.833618933631955
120,120,0.070542,228.59,70542000,228590000000,True,120,2.8331,2.83291819102693
121,121,0.070542,230.687,70542000,230687000000,True,121,2.8324,2.832225960065885
122,122,0.070542,232.784,70542000,232784000000,True,122,2.8314,2.8315417363065807
123,123,0.070542,234.881,70542000,234881000000,True,123,2.8311,2.8308653562375543
124,124,0.070542,236.978,70542000,236978000000,True,124,2.83,2.830196661108266
125,125,0.070542,239.075,70542000,239075000000,True,125,2.8297,2.8295354967498016
126,126,0.070542,241.172,70542000,241172000000,True,126,2.8293,2.828881713403836
127,127,0.070542,243.27,70542000,243270000000,True,127,2.8281,2.828234858942388
128,128,0.070542,245.367,70542000,245367000000,True,128,2.8275,2.827595408529896
129,129,0.070542,247.464,70542000,247464000000,True,129,2.827,2.82696291465806
130,130,0.070542,249.561,70542000,249561000000,True,130,2.8263,2.826337243652321
131,131,0.070542,251.658,70542000,251658000000,True,131,2.8255,2.8257182655025566
132,132,0.070542,253.755,70542000,253755000000,True,132,2.8251,2.8251058537330844
133,133,0.070542,255.853,70542000,255853000000,True,133,2.8243,2.8244995978269585
134,134,0.070542,257.95,70542000,257950000000,True,134,2.824,2.82389995589983
135,135,0.070542,260.047,70542000,260047000000,True,135,2.8232,2.8233065208606942
136,136,0.070542,262.144,70542000,262144000000,True,136,2.823,2.822719179181733
137,137,0.070542,264.241,70542000,264241000000,True,137,2.822,2.8221378202986487
138,138,0.070542,266.338,70542000,266338000000,True,138,2.8215,2.821562336510516
139,139,0.070542,268.435,70542000,268435000000,True,139,2.8212,2.820992622883777
140,140,0.070542,270.533,70542000,270533000000,True,140,2.8202,2.8204283095188387
141,141,0.070542,272.63,70542000,272630000000,True,141,2.8199,2.8198698346590527
142,142,0.070542,274.727,70542000,274727000000,True,142,2.8196,2.8193168308163354
143,143,0.070542,276.824,70542000,276824000000,True,143,2.8185,2.8187692032436713
144,144,0.070542,278.921,70542000,278921000000,True,144,2.8183,2.8182268595367836
145,145,0.070542,281.018,70542000,281018000000,True,145,2.8178,2.817689709559114
146,146,0.070542,283.116,70542000,283116000000,True,146,2.8173,2.81715741285716
147,147,0.070542,285.213,70542000,285213000000,True,147,2.8164,2.8166303910152584
148,148,0.070542,287.31,70542000,287310000000,True,148,2.8159,2.8161083053528255
149,149,0.070542,289.407,70542000,289407000000,True,149,2.8157,2.815591074111712
150,150,0.070542,291.504,70542000,291504000000,True,150,2.8152,2.815078617467849
151,151,0.070542,293.601,70542000,293601000000,True,151,2.8146,2.814570857471977
152,152,0.070542,295.698,70542000,295698000000,True,152,2.8142,2.814067717992592
153,153,0.070542,297.796,70542000,297796000000,True,153,2.8135,2.8135688879688208
154,154,0.070542,299.893,70542000,299893000000,True,154,2.8131,2.813074770242556
162,162,0.162405,0.134,162405000,134000000,True,162,4.5235,4.523354577423474
163,163,0.162405,0.268,162405000,268000000,True,163,4.1397,4.139486188141648
164,164,0.162405,0.537,162405000,537000000,True,164,3.8226,3.822538701518331
165,165,0.162405,1.074,162405000,1074000000,True,165,3.5629,3.5622517682540935
166,166,0.162405,2.097,162405000,2097000000,True,166,3.3548,3.354620976948321
167,167,0.162405,4.194,162405000,4194000000,True,167,3.1771,3.1768463777891194
168,168,0.162405,6.291,162405000,6291000000,True,168,3.0883,3.0877660039358146
169,169,0.162405,8.389,162405000,8389000000,True,169,3.0304,3.030397627156985
170,170,0.162405,10.486,162405000,10486000000,True,170,2.9888,2.988995769149324
171,171,0.162405,12.583,162405000,12583000000,True,171,2.9568,2.9570348715439363
172,172,0.162405,14.68,162405000,14680000000,True,172,2.9311,2.9312555507834293
173,173,0.162405,16.777,162405000,16777000000,True,173,2.9098,2.90980577840351
174,174,0.162405,18.874,162405000,18874000000,True,174,2.8916,2.8915396265703057
175,175,0.162405,20.972,162405000,20972000000,True,175,2.8757,2.8756953023407554
176,176,0.162405,23.069,162405000,23069000000,True,176,2.8619,2.8617662906675605
177,177,0.162405,25.166,162405000,25166000000,True,177,2.8494,2.8493703704683098
178,178,0.162405,27.263,162405000,27263000000,True,178,2.8385,2.838230660563231
179,179,0.162405,29.36,162405000,29360000000,True,179,2.8281,2.8281369598452026
180,180,0.162405,31.457,162405000,31457000000,True,180,2.8195,2.8189262209086
181,181,0.162405,33.554,162405000,33554000000,True,181,2.8106,2.810469627608399
182,182,0.162405,35.652,162405000,35652000000,True,182,2.8025,2.802660198240152
183,183,0.162405,37.749,162405000,37749000000,True,183,2.7952,2.7954211895847263
184,184,0.162405,39.846,162405000,39846000000,True,184,2.7888,2.788679399302158
185,185,0.162405,41.943,162405000,41943000000,True,185,2.7823,2.7823770812734954
186,186,0.162405,44.04,162405000,44040000000,True,186,2.7766,2.7764656711715205
187,187,0.162405,46.137,162405000,46137000000,True,187,2.771,2.7709039692643267
188,188,0.162405,48.234,162405000,48234000000,True,188,2.7656,2.7656567473372293
189,189,0.162405,50.332,162405000,50332000000,True,189,2.7605,2.7606913636741144
190,190,0.162405,52.429,162405000,52429000000,True,190,2.7557,2.7559862437106553
191,191,0.162405,54.526,162405000,54526000000,True,191,2.7514,2.751516023608553
192,192,0.162405,56.623,162405000,56623000000,True,192,2.7474,2.747260595962271
193,193,0.162405,58.72,162405000,58720000000,True,193,2.7432,2.7432022400902154
194,194,0.162405,60.817,162405000,60817000000,True,194,2.7391,2.7393252652433313
195,195,0.162405,62.915,162405000,62915000000,True,195,2.7356,2.7356139863211766
196,196,0.162405,65.012,162405000,65012000000,True,196,2.7321,2.7320594766483306
197,197,0.162405,67.109,162405000,67109000000,True,197,2.7285,2.728648760903228
198,198,0.162405,69.206,162405000,69206000000,True,198,2.7254,2.72537179398485
199,199,0.162405,71.303,162405000,71303000000,True,199,2.7222,2.72221951034931
200,200,0.162405,73.4,162405000,73400000000,True,200,2.719,2.7191837029565624
201,201,0.162405,75.497,162405000,75497000000,True,201,2.7163,2.7162569201551103
202,202,0.162405,77.595,162405000,77595000000,True,202,2.7135,2.7134310538670814
203,203,0.162405,79.692,162405000,79692000000,True,203,2.7109,2.7107026023774914
204,204,0.162405,81.789,162405000,81789000000,True,204,2.7082,2.70806452764113
205,205,0.162405,83.886,162405000,83886000000,True,205,2.7053,2.7055116313731267
206,206,0.162405,85.983,162405000,85983000000,True,206,2.7029,2.703039134858764
207,207,0.162405,88.08,162405000,88080000000,True,207,2.7007,2.7006426358234417
208,208,0.162405,90.178,162405000,90178000000,True,208,2.6984,2.6983169786751873
209,209,0.162405,92.275,162405000,92275000000,True,209,2.6961,2.6960606208235247
210,210,0.162405,94.372,162405000,94372000000,True,210,2.6945,2.693868955002147
211,211,0.162405,96.469,162405000,96469000000,True,211,2.6918,2.6917387495359435
212,212,0.162405,98.566,162405000,98566000000,True,212,2.6898,2.6896670000236798
213,213,0.162405,100.663,162405000,100663000000,True,213,2.6878,2.6876509089186036
214,214,0.162405,102.76,162405000,102760000000,True,214,2.6858,2.6856878673258033
215,215,0.162405,104.858,162405000,104858000000,True,215,2.6837,2.683774538458019
216,216,0.162405,106.955,162405000,106955000000,True,216,2.682,2.681910466705923
217,217,0.162405,109.052,162405000,109052000000,True,217,2.68,2.6800925943181637
218,218,0.162405,111.149,162405000,111149000000,True,218,2.6783,2.678318920362799
219,219,0.162405,113.246,162405000,113246000000,True,219,2.6765,2.676587566259827
220,220,0.162405,115.343,162405000,115343000000,True,220,2.6749,2.6748967661971252
221,221,0.162405,117.441,162405000,117441000000,True,221,2.6736,2.673244079732886
222,222,0.162405,119.538,162405000,119538000000,True,222,2.6713,2.671629516262911
223,223,0.162405,121.635,162405000,121635000000,True,223,2.6702,2.670050802530037
224,224,0.162405,123.732,162405000,123732000000,True,224,2.6683,2.668506544743231
225,225,0.162405,125.829,162405000,125829000000,True,225,2.6669,2.6669954257626984
226,226,0.162405,127.926,162405000,127926000000,True,226,2.6657,2.6655161996898538
227,227,0.162405,130.023,162405000,130023000000,True,227,2.6641,2.6640676869207054
228,228,0.162405,132.121,162405000,132121000000,True,228,2.6625,2.662648099863808
229,229,0.162405,134.218,162405000,134218000000,True,229,2.6611,2.661257731159454
230,230,0.162405,136.315,162405000,136315000000,True,230,2.66,2.6598948907927653
231,231,0.162405,138.412,162405000,138412000000,True,231,2.6584,2.658558622644428
232,232,0.162405,140.509,162405000,140509000000,True,232,2.6573,2.6572480176527433
233,233,0.162405,142.606,162405000,142606000000,True,233,2.656,2.6559622108360745
234,234,0.162405,144.703,162405000,144703000000,True,234,2.6546,2.654700378544346
235,235,0.162405,146.801,162405000,146801000000,True,235,2.6538,2.653461150656719
236,236,0.162405,148.898,162405000,148898000000,True,236,2.6523,2.6522449598087348
237,237,0.162405,150.995,162405000,150995000000,True,237,2.6507,2.6510504957235557
238,238,0.162405,153.092,162405000,153092000000,True,238,2.6499,2.649877076508104
239,239,0.162405,155.189,162405000,155189000000,True,239,2.6486,2.6487240506397125
240,240,0.162405,157.286,162405000,157286000000,True,240,2.6477,2.6475907952246973
241,241,0.162405,159.384,162405000,159384000000,True,241,2.6464,2.646476187587208
242,242,0.162405,161.481,162405000,161481000000,True,242,2.6454,2.6453807196656887
243,243,0.162405,163.578,162405000,163578000000,True,243,2.6444,2.644303309385645
244,244,0.162405,165.675,162405000,165675000000,True,244,2.6434,2.6432434332528283
245,245,0.162405,167.772,162405000,167772000000,True,245,2.642,2.642200589331835
246,246,0.162405,169.869,162405000,169869000000,True,246,2.6411,2.641174296101915
247,247,0.162405,171.966,162405000,171966000000,True,247,2.6401,2.6401640913867808
248,248,0.162405,174.064,162405000,174064000000,True,248,2.6391,2.6391690607387654
249,249,0.162405,176.161,162405000,176161000000,True,249,2.6385,2.6381897261144394
250,250,0.162405,178.258,162405000,178258000000,True,250,2.6373,2.637225199644486
251,251,0.162405,180.355,162405000,180355000000,True,251,2.6361,2.6362750871289315
252,252,0.162405,182.452,162405000,182452000000,True,252,2.6355,2.6353390092902558
253,253,0.162405,184.549,162405000,184549000000,True,253,2.6347,2.634416601044677
254,254,0.162405,186.647,162405000,186647000000,True,254,2.6337,2.633507080420055
255,255,0.162405,188.744,162405000,188744000000,True,255,2.6324,2.6326109756087424
256,256,0.162405,190.841,162405000,190841000000,True,256,2.6317,2.631727523494711
257,257,0.162405,192.938,162405000,192938000000,True,257,2.6311,2.630856409311372
258,258,0.162405,195.035,162405000,195035000000,True,258,2.6299,2.6299973294358536
259,259,0.162405,197.132,162405000,197132000000,True,259,2.6292,2.6291499908796845
260,260,0.162405,199.229,162405000,199229000000,True,260,2.6284,2.628314110807895
261,261,0.162405,201.327,162405000,201327000000,True,261,2.6274,2.6274890254369985
262,262,0.162405,203.424,162405000,203424000000,True,262,2.6267,2.6266752573427485
263,263,0.162405,205.521,162405000,205521000000,True,263,2.6254,2.6258721556084144
264,264,0.162405,207.618,162405000,207618000000,True,264,2.6249,2.6250794737138223
265,265,0.162405,209.715,162405000,209715000000,True,265,2.6243,2.624296973253209
266,266,0.162405,211.812,162405000,211812000000,True,266,2.6234,2.6235244235901547
267,267,0.162405,213.91,162405000,213910000000,True,267,2.623,2.622761240048047
268,268,0.162405,216.007,162405000,216007000000,True,268,2.6218,2.622007934014704
269,269,0.162405,218.104,162405000,218104000000,True,269,2.6212,2.6212639301992615
270,270,0.162405,220.201,162405000,220201000000,True,270,2.6206,2.62052902593759
271,271,0.162405,222.298,162405000,222298000000,True,271,2.62,2.619803024857509
272,272,0.162405,224.395,162405000,224395000000,True,272,2.6189,2.619085736626278
273,273,0.162405,226.492,162405000,226492000000,True,273,2.6186,2.618376976710472
274,274,0.162405,228.59,162405000,228590000000,True,274,2.6177,2.6176762341054474
275,275,0.162405,230.687,162405000,230687000000,True,275,2.6169,2.616984003144402
276,276,0.162405,232.784,162405000,232784000000,True,276,2.6164,2.616299779385098
277,277,0.162405,234.881,162405000,234881000000,True,277,2.6157,2.615623399316072
278,278,0.162405,236.978,162405000,236978000000,True,278,2.6149,2.614954704186783
279,279,0.162405,239.075,162405000,239075000000,True,279,2.6143,2.614293539828319
280,280,0.162405,241.172,162405000,241172000000,True,280,2.6136,2.6136397564823532
281,281,0.162405,243.27,162405000,243270000000,True,281,2.613,2.6129929020209053
282,282,0.162405,245.367,162405000,245367000000,True,282,2.6125,2.6123534516084135
283,283,0.162405,247.464,162405000,247464000000,True,283,2.612,2.611720957736577
284,284,0.162405,249.561,162405000,249561000000,True,284,2.6109,2.611095286730838
285,285,0.162405,251.658,162405000,251658000000,True,285,2.6108,2.610476308581074
286,286,0.162405,253.755,162405000,253755000000,True,286,2.6096,2.6098638968116017
287,287,0.162405,255.853,162405000,255853000000,True,287,2.6092,2.6092576409054757
288,288,0.162405,257.95,162405000,257950000000,True,288,2.6088,2.608657998978347
289,289,0.162405,260.047,162405000,260047000000,True,289,2.6081,2.6080645639392115
290,290,0.162405,262.144,162405000,262144000000,True,290,2.6074,2.6074772222602505
291,291,0.162405,264.241,162405000,264241000000,True,291,2.6069,2.606895863377166
292,292,0.162405,266.338,162405000,266338000000,True,292,2.6063,2.6063203795890333
293,293,0.162405,268.435,162405000,268435000000,True,293,2.6057,2.605750665962294
294,294,0.162405,270.533,162405000,270533000000,True,294,2.6053,2.6051863525973555
295,295,0.162405,272.63,162405000,272630000000,True,295,2.6047,2.60462787773757
296,296,0.162405,274.727,162405000,274727000000,True,296,2.604,2.604074873894853
297,297,0.162405,276.824,162405000,276824000000,True,297,2.6037,2.6035272463221886
298,298,0.162405,278.921,162405000,278921000000,True,298,2.603,2.602984902615301
299,299,0.162405,281.018,162405000,281018000000,True,299,2.6026,2.602447752637631
300,300,0.162405,283.116,162405000,283116000000,True,300,2.602,2.6019154559356776
301,301,0.162405,285.213,162405000,285213000000,True,301,2.6013,2.6013884340937756
302,302,0.162405,287.31,162405000,287310000000,True,302,2.6008,2.600866348431343
303,303,0.162405,289.407,162405000,289407000000,True,303,2.6005,2.6003491171902287
304,304,0.162405,291.504,162405000,291504000000,True,304,2.5999,2.5998366605463663
305,305,0.162405,293.601,162405000,293601000000,True,305,2.5993,2.5993289005504945
306,306,0.162405,295.698,162405000,295698000000,True,306,2.5989,2.5988257610711094
307,307,0.162405,297.796,162405000,297796000000,True,307,2.5985,2.598326931047338
308,308,0.162405,299.893,162405000,299893000000,True,308,2.5978,2.597832813321073
316,316,0.409009,0.134,409009000,134000000,True,316,4.3461,4.346382266302745
317,317,0.409009,0.268,409009000,268000000,True,317,3.9625,3.9625138770209203
318,318,0.409009,0.537,409009000,537000000,True,318,3.6458,3.6455663903976037
319,319,0.409009,1.074,409009000,1074000000,True,319,3.3856,3.385279457133366
320,320,0.409009,2.097,409009000,2097000000,True,320,3.1777,3.1776486658275935
321,321,0.409009,4.194,409009000,4194000000,True,321,2.9999,2.999874066668392
322,322,0.409009,6.291,409009000,6291000000,True,322,2.9109,2.910793692815087
323,323,0.409009,8.389,409009000,8389000000,True,323,2.8533,2.8534253160362573
324,324,0.409009,10.486,409009000,10486000000,True,324,2.8125,2.8120234580285963
325,325,0.409009,12.583,409009000,12583000000,True,325,2.7799,2.7800625604232088
326,326,0.409009,14.68,409009000,14680000000,True,326,2.754,2.7542832396627017
327,327,0.409009,16.777,409009000,16777000000,True,327,2.733,2.7328334672827825
328,328,0.409009,18.874,409009000,18874000000,True,328,2.7147,2.714567315449578
329,329,0.409009,20.972,409009000,20972000000,True,329,2.6988,2.698722991220028
330,330,0.409009,23.069,409009000,23069000000,True,330,2.6849,2.684793979546833
331,331,0.409009,25.166,409009000,25166000000,True,331,2.6724,2.6723980593475822
332,332,0.409009,27.263,409009000,27263000000,True,332,2.6611,2.6612583494425035
333,333,0.409009,29.36,409009000,29360000000,True,333,2.6512,2.651164648724475
334,334,0.409009,31.457,409009000,31457000000,True,334,2.6418,2.6419539097878726
335,335,0.409009,33.554,409009000,33554000000,True,335,2.6336,2.6334973164876714
336,336,0.409009,35.652,409009000,35652000000,True,336,2.6256,2.6256878871194242
337,337,0.409009,37.749,409009000,37749000000,True,337,2.6183,2.6184488784639988
338,338,0.409009,39.846,409009000,39846000000,True,338,2.6116,2.6117070881814306
339,339,0.409009,41.943,409009000,41943000000,True,339,2.6055,2.605404770152768
340,340,0.409009,44.04,409009000,44040000000,True,340,2.5994,2.599493360050793
341,341,0.409009,46.137,409009000,46137000000,True,341,2.5938,2.593931658143599
342,342,0.409009,48.234,409009000,48234000000,True,342,2.5887,2.588684436216502
343,343,0.409009,50.332,409009000,50332000000,True,343,2.5837,2.583719052553387
344,344,0.409009,52.429,409009000,52429000000,True,344,2.5789,2.5790139325899277
345,345,0.409009,54.526,409009000,54526000000,True,345,2.5745,2.5745437124878254
346,346,0.409009,56.623,409009000,56623000000,True,346,2.5703,2.5702882848415434
347,347,0.409009,58.72,409009000,58720000000,True,347,2.566,2.566229928969488
348,348,0.409009,60.817,409009000,60817000000,True,348,2.5621,2.5623529541226038
349,349,0.409009,62.915,409009000,62915000000,True,349,2.5585,2.558641675200449
350,350,0.409009,65.012,409009000,65012000000,True,350,2.555,2.555087165527603
351,351,0.409009,67.109,409009000,67109000000,True,351,2.5517,2.5516764497825006
352,352,0.409009,69.206,409009000,69206000000,True,352,2.5486,2.5483994828641223
353,353,0.409009,71.303,409009000,71303000000,True,353,2.5454,2.5452471992285823
354,354,0.409009,73.4,409009000,73400000000,True,354,2.5422,2.542211391835835
355,355,0.409009,75.497,409009000,75497000000,True,355,2.5393,2.539284609034383
356,356,0.409009,77.595,409009000,77595000000,True,356,2.5363,2.536458742746354
357,357,0.409009,79.692,409009000,79692000000,True,357,2.5337,2.533730291256764
358,358,0.409009,81.789,409009000,81789000000,True,358,2.531,2.5310922165204026
359,359,0.409009,83.886,409009000,83886000000,True,359,2.5286,2.528539320252399
360,360,0.409009,85.983,409009000,85983000000,True,360,2.5259,2.5260668237380366
361,361,0.409009,88.08,409009000,88080000000,True,361,2.5237,2.523670324702714
362,362,0.409009,90.178,409009000,90178000000,True,362,2.5215,2.5213446675544597
363,363,0.409009,92.275,409009000,92275000000,True,363,2.5191,2.519088309702797
364,364,0.409009,94.372,409009000,94372000000,True,364,2.5169,2.5168966438814193
365,365,0.409009,96.469,409009000,96469000000,True,365,2.5148,2.514766438415216
366,366,0.409009,98.566,409009000,98566000000,True,366,2.5126,2.5126946889029522
367,367,0.409009,100.663,409009000,100663000000,True,367,2.5107,2.510678597797876
368,368,0.409009,102.76,409009000,102760000000,True,368,2.5087,2.508715556205076
369,369,0.409009,104.858,409009000,104858000000,True,369,2.5068,2.5068022273372916
370,370,0.409009,106.955,409009000,106955000000,True,370,2.5048,2.5049381555851955
371,371,0.409009,109.052,409009000,109052000000,True,371,2.5031,2.503120283197436
372,372,0.409009,111.149,409009000,111149000000,True,372,2.5014,2.5013466092420713
373,373,0.409009,113.246,409009000,113246000000,True,373,2.4998,2.4996152551390995
374,374,0.409009,115.343,409009000,115343000000,True,374,2.498,2.4979244550763977
375,375,0.409009,117.441,409009000,117441000000,True,375,2.4965,2.4962717686121585
376,376,0.409009,119.538,409009000,119538000000,True,376,2.4946,2.4946572051421834
377,377,0.409009,121.635,409009000,121635000000,True,377,2.4932,2.4930784914093094
378,378,0.409009,123.732,409009000,123732000000,True,378,2.4916,2.4915342336225033
379,379,0.409009,125.829,409009000,125829000000,True,379,2.4903,2.490023114641971
380,380,0.409009,127.926,409009000,127926000000,True,380,2.4884,2.4885438885691262
381,381,0.409009,130.023,409009000,130023000000,True,381,2.487,2.487095375799978
382,382,0.409009,132.121,409009000,132121000000,True,382,2.4856,2.4856757887430803
383,383,0.409009,134.218,409009000,134218000000,True,383,2.484,2.4842854200387263
384,384,0.409009,136.315,409009000,136315000000,True,384,2.4829,2.4829225796720378
385,385,0.409009,138.412,409009000,138412000000,True,385,2.4815,2.4815863115237007
386,386,0.409009,140.509,409009000,140509000000,True,386,2.4803,2.480275706532016
387,387,0.409009,142.606,409009000,142606000000,True,387,2.479,2.478989899715347
388,388,0.409009,144.703,409009000,144703000000,True,388,2.478,2.4777280674236186
389,389,0.409009,146.801,409009000,146801000000,True,389,2.4766,2.4764888395359916
390,390,0.409009,148.898,409009000,148898000000,True,390,2.4752,2.4752726486880072
391,391,0.409009,150.995,409009000,150995000000,True,391,2.474,2.474078184602828
392,392,0.409009,153.092,409009000,153092000000,True,392,2.473,2.4729047653873764
393,393,0.409009,155.189,409009000,155189000000,True,393,2.4716,2.471751739518985
394,394,0.409009,157.286,409009000,157286000000,True,394,2.4708,2.47061848410397
395,395,0.409009,159.384,409009000,159384000000,True,395,2.4696,2.4695038764664803
396,396,0.409009,161.481,409009000,161481000000,True,396,2.4683,2.468408408544961
397,397,0.409009,163.578,409009000,163578000000,True,397,2.4671,2.4673309982649174
398,398,0.409009,165.675,409009000,165675000000,True,398,2.4664,2.4662711221321008
399,399,0.409009,167.772,409009000,167772000000,True,399,2.4652,2.4652282782111077
400,400,0.409009,169.869,409009000,169869000000,True,400,2.4644,2.4642019849811874
401,401,0.409009,171.966,409009000,171966000000,True,401,2.463,2.4631917802660532
402,402,0.409009,174.064,409009000,174064000000,True,402,2.4621,2.462196749618038
403,403,0.409009,176.161,409009000,176161000000,True,403,2.4612,2.461217414993712
404,404,0.409009,178.258,409009000,178258000000,True,404,2.4603,2.4602528885237587
405,405,0.409009,180.355,409009000,180355000000,True,405,2.4592,2.459302776008204
406,406,0.409009,182.452,409009000,182452000000,True,406,2.4584,2.4583666981695282
407,407,0.409009,184.549,409009000,184549000000,True,407,2.4573,2.4574442899239495
408,408,0.409009,186.647,409009000,186647000000,True,408,2.4565,2.4565347692993273
409,409,0.409009,188.744,409009000,188744000000,True,409,2.4557,2.455638664488015
410,410,0.409009,190.841,409009000,190841000000,True,410,2.4548,2.4547552123739833
411,411,0.409009,192.938,409009000,192938000000,True,411,2.454,2.4538840981906445
412,412,0.409009,195.035,409009000,195035000000,True,412,2.4529,2.453025018315126
413,413,0.409009,197.132,409009000,197132000000,True,413,2.452,2.452177679758957
414,414,0.409009,199.229,409009000,199229000000,True,414,2.4515,2.4513417996871674
415,415,0.409009,201.327,409009000,201327000000,True,415,2.4506,2.450516714316271
416,416,0.409009,203.424,409009000,203424000000,True,416,2.4496,2.449702946222021
417,417,0.409009,205.521,409009000,205521000000,True,417,2.4491,2.448899844487687
418,418,0.409009,207.618,409009000,207618000000,True,418,2.4481,2.448107162593095
419,419,0.409009,209.715,409009000,209715000000,True,419,2.4475,2.4473246621324813
420,420,0.409009,211.812,409009000,211812000000,True,420,2.4466,2.446552112469427
421,421,0.409009,213.91,409009000,213910000000,True,421,2.446,2.4457889289273194
422,422,0.409009,216.007,409009000,216007000000,True,422,2.4452,2.4450356228939762
423,423,0.409009,218.104,409009000,218104000000,True,423,2.4443,2.444291619078534
424,424,0.409009,220.201,409009000,220201000000,True,424,2.4437,2.4435567148168627
425,425,0.409009,222.298,409009000,222298000000,True,425,2.4429,2.4428307137367815
426,426,0.409009,224.395,409009000,224395000000,True,426,2.4423,2.4421134255055503
427,427,0.409009,226.492,409009000,226492000000,True,427,2.4413,2.4414046655897446
428,428,0.409009,228.59,409009000,228590000000,True,428,2.4408,2.44070392298472
429,429,0.409009,230.687,409009000,230687000000,True,429,2.4401,2.4400116920236745
430,430,0.409009,232.784,409009000,232784000000,True,430,2.4391,2.4393274682643704
431,431,0.409009,234.881,409009000,234881000000,True,431,2.4385,2.4386510881953445
432,432,0.409009,236.978,409009000,236978000000,True,432,2.4377,2.4379823930660556
433,433,0.409009,239.075,409009000,239075000000,True,433,2.4373,2.4373212287075914
434,434,0.409009,241.172,409009000,241172000000,True,434,2.4368,2.4366674453616257
435,435,0.409009,243.27,409009000,243270000000,True,435,2.4362,2.4360205909001778
436,436,0.409009,245.367,409009000,245367000000,True,436,2.4354,2.435381140487686
437,437,0.409009,247.464,409009000,247464000000,True,437,2.4349,2.4347486466158497
438,438,0.409009,249.561,409009000,249561000000,True,438,2.434,2.4341229756101104
439,439,0.409009,251.658,409009000,251658000000,True,439,2.4333,2.4335039974603463
440,440,0.409009,253.755,409009000,253755000000,True,440,2.4329,2.432891585690874
441,441,0.409009,255.853,409009000,255853000000,True,441,2.4323,2.432285329784748
442,442,0.409009,257.95,409009000,257950000000,True,442,2.4317,2.4316856878576196
443,443,0.409009,260.047,409009000,260047000000,True,443,2.4309,2.431092252818484
444,444,0.409009,262.144,409009000,262144000000,True,444,2.4305,2.430504911139523
445,445,0.409009,264.241,409009000,264241000000,True,445,2.4298,2.4299235522564384
446,446,0.409009,266.338,409009000,266338000000,True,446,2.4294,2.4293480684683058
447,447,0.409009,268.435,409009000,268435000000,True,447,2.4288,2.4287783548415667
448,448,0.409009,270.533,409009000,270533000000,True,448,2.4281,2.428214041476628
449,449,0.409009,272.63,409009000,272630000000,True,449,2.4276,2.4276555666168425
450,450,0.409009,274.727,409009000,274727000000,True,450,2.427,2.4271025627741256
451,451,0.409009,276.824,409009000,276824000000,True,451,2.4266,2.426554935201461
452,452,0.409009,278.921,409009000,278921000000,True,452,2.4261,2.4260125914945734
453,453,0.409009,281.018,409009000,281018000000,True,453,2.4254,2.4254754415169035
454,454,0.409009,283.116,409009000,283116000000,True,454,2.425,2.42494314481495
455,455,0.409009,285.213,409009000,285213000000,True,455,2.4244,2.424416122973048
456,456,0.409009,287.31,409009000,287310000000,True,456,2.4238,2.4238940373106153
457,457,0.409009,289.407,409009000,289407000000,True,457,2.4234,2.423376806069501
458,458,0.409009,291.504,409009000,291504000000,True,458,2.4228,2.4228643494256388
459,459,0.409009,293.601,409009000,293601000000,True,459,2.4223,2.422356589429767
460,460,0.409009,295.698,409009000,295698000000,True,460,2.4217,2.421853449950382
461,461,0.409009,297.796,409009000,297796000000,True,461,2.4216,2.4213546199266105
462,462,0.409009,299.893,409009000,299893000000,True,462,2.4209,2.4208605022003455
470,470,1.040867,0.134,1040867000,134000000,True,470,4.2153,4.215862659148774
471,471,1.040867,0.268,1040867000,268000000,True,471,3.8315,3.831994269866949
472,472,1.040867,0.537,1040867000,537000000,True,472,3.5146,3.5150467832436325
473,473,1.040867,1.074,1040867000,1074000000,True,473,3.2545,3.254759849979395
474,474,1.040867,2.097,1040867000,2097000000,True,474,3.0476,3.0471290586736224
475,475,1.040867,4.194,1040867000,4194000000,True,475,2.8697,2.8693544595144207
476,476,1.040867,6.291,1040867000,6291000000,True,476,2.7802,2.780274085661116
477,477,1.040867,8.389,1040867000,8389000000,True,477,2.723,2.722905708882286
478,478,1.040867,10.486,1040867000,10486000000,True,478,2.6816,2.681503850874625
479,479,1.040867,12.583,1040867000,12583000000,True,479,2.6501,2.6495429532692376
480,480,1.040867,14.68,1040867000,14680000000,True,480,2.6239,2.6237636325087306
481,481,1.040867,16.777,1040867000,16777000000,True,481,2.6023,2.6023138601288114
482,482,1.040867,18.874,1040867000,18874000000,True,482,2.5839,2.584047708295607
483,483,1.040867,20.972,1040867000,20972000000,True,483,2.5679,2.5682033840660567
484,484,1.040867,23.069,1040867000,23069000000,True,484,2.5543,2.554274372392862
485,485,1.040867,25.166,1040867000,25166000000,True,485,2.5417,2.541878452193611
486,486,1.040867,27.263,1040867000,27263000000,True,486,2.5305,2.5307387422885324
487,487,1.040867,29.36,1040867000,29360000000,True,487,2.5205,2.520645041570504
488,488,1.040867,31.457,1040867000,31457000000,True,488,2.5113,2.5114343026339014
489,489,1.040867,33.554,1040867000,33554000000,True,489,2.5032,2.5029777093337002
490,490,1.040867,35.652,1040867000,35652000000,True,490,2.4953,2.495168279965453
491,491,1.040867,37.749,1040867000,37749000000,True,491,2.4879,2.4879292713100276
492,492,1.040867,39.846,1040867000,39846000000,True,492,2.4814,2.4811874810274595
493,493,1.040867,41.943,1040867000,41943000000,True,493,2.4749,2.4748851629987967
494,494,1.040867,44.04,1040867000,44040000000,True,494,2.4688,2.468973752896822
495,495,1.040867,46.137,1040867000,46137000000,True,495,2.4636,2.463412050989628
496,496,1.040867,48.234,1040867000,48234000000,True,496,2.4582,2.4581648290625306
497,497,1.040867,50.332,1040867000,50332000000,True,497,2.453,2.4531994453994157
498,498,1.040867,52.429,1040867000,52429000000,True,498,2.4485,2.4484943254359566
499,499,1.040867,54.526,1040867000,54526000000,True,499,2.4439,2.4440241053338543
500,500,1.040867,56.623,1040867000,56623000000,True,500,2.4396,2.439768677687572
501,501,1.040867,58.72,1040867000,58720000000,True,501,2.4358,2.4357103218155167
502,502,1.040867,60.817,1040867000,60817000000,True,502,2.4321,2.4318333469686326
503,503,1.040867,62.915,1040867000,62915000000,True,503,2.4279,2.428122068046478
504,504,1.040867,65.012,1040867000,65012000000,True,504,2.4246,2.424567558373632
505,505,1.040867,67.109,1040867000,67109000000,True,505,2.4211,2.4211568426285295
506,506,1.040867,69.206,1040867000,69206000000,True,506,2.4178,2.417879875710151
507,507,1.040867,71.303,1040867000,71303000000,True,507,2.4146,2.414727592074611
508,508,1.040867,73.4,1040867000,73400000000,True,508,2.4116,2.4116917846818637
509,509,1.040867,75.497,1040867000,75497000000,True,509,2.4088,2.4087650018804116
510,510,1.040867,77.595,1040867000,77595000000,True,510,2.4058,2.4059391355923827
511,511,1.040867,79.692,1040867000,79692000000,True,511,2.4032,2.4032106841027927
512,512,1.040867,81.789,1040867000,81789000000,True,512,2.4006,2.4005726093664315
513,513,1.040867,83.886,1040867000,83886000000,True,513,2.398,2.398019713098428
514,514,1.040867,85.983,1040867000,85983000000,True,514,2.3954,2.3955472165840654
515,515,1.040867,88.08,1040867000,88080000000,True,515,2.3931,2.393150717548743
516,516,1.040867,90.178,1040867000,90178000000,True,516,2.3909,2.3908250604004886
517,517,1.040867,92.275,1040867000,92275000000,True,517,2.3886,2.388568702548826
518,518,1.040867,94.372,1040867000,94372000000,True,518,2.3863,2.386377036727448
519,519,1.040867,96.469,1040867000,96469000000,True,519,2.3842,2.384246831261245
520,520,1.040867,98.566,1040867000,98566000000,True,520,2.3822,2.382175081748981
521,521,1.040867,100.663,1040867000,100663000000,True,521,2.38,2.380158990643905
522,522,1.040867,102.76,1040867000,102760000000,True,522,2.3782,2.3781959490511047
523,523,1.040867,104.858,1040867000,104858000000,True,523,2.3762,2.3762826201833205
524,524,1.040867,106.955,1040867000,106955000000,True,524,2.3745,2.3744185484312244
525,525,1.040867,109.052,1040867000,109052000000,True,525,2.3725,2.372600676043465
526,526,1.040867,111.149,1040867000,111149000000,True,526,2.3706,2.3708270020881
527,527,1.040867,113.246,1040867000,113246000000,True,527,2.3689,2.3690956479851284
528,528,1.040867,115.343,1040867000,115343000000,True,528,2.3674,2.3674048479224266
529,529,1.040867,117.441,1040867000,117441000000,True,529,2.3658,2.3657521614581873
530,530,1.040867,119.538,1040867000,119538000000,True,530,2.364,2.364137597988212
531,531,1.040867,121.635,1040867000,121635000000,True,531,2.3626,2.362558884255338
532,532,1.040867,123.732,1040867000,123732000000,True,532,2.3608,2.361014626468532
533,533,1.040867,125.829,1040867000,125829000000,True,533,2.3595,2.3595035074879998
534,534,1.040867,127.926,1040867000,127926000000,True,534,2.3579,2.358024281415155
535,535,1.040867,130.023,1040867000,130023000000,True,535,2.3565,2.3565757686460067
536,536,1.040867,132.121,1040867000,132121000000,True,536,2.3552,2.355156181589109
537,537,1.040867,134.218,1040867000,134218000000,True,537,2.3537,2.353765812884755
538,538,1.040867,136.315,1040867000,136315000000,True,538,2.3524,2.3524029725180666
539,539,1.040867,138.412,1040867000,138412000000,True,539,2.3512,2.3510667043697295
540,540,1.040867,140.509,1040867000,140509000000,True,540,2.3497,2.3497560993780446
541,541,1.040867,142.606,1040867000,142606000000,True,541,2.3485,2.348470292561376
542,542,1.040867,144.703,1040867000,144703000000,True,542,2.3471,2.3472084602696475
543,543,1.040867,146.801,1040867000,146801000000,True,543,2.346,2.3459692323820205
544,544,1.040867,148.898,1040867000,148898000000,True,544,2.3449,2.344753041534036
545,545,1.040867,150.995,1040867000,150995000000,True,545,2.3433,2.343558577448857
546,546,1.040867,153.092,1040867000,153092000000,True,546,2.3423,2.342385158233405
547,547,1.040867,155.189,1040867000,155189000000,True,547,2.3413,2.341232132365014
548,548,1.040867,157.286,1040867000,157286000000,True,548,2.3401,2.3400988769499986
549,549,1.040867,159.384,1040867000,159384000000,True,549,2.339,2.338984269312509
550,550,1.040867,161.481,1040867000,161481000000,True,550,2.3378,2.33788880139099
551,551,1.040867,163.578,1040867000,163578000000,True,551,2.3368,2.3368113911109463
552,552,1.040867,165.675,1040867000,165675000000,True,552,2.3357,2.3357515149781296
553,553,1.040867,167.772,1040867000,167772000000,True,553,2.3348,2.3347086710571365
554,554,1.040867,169.869,1040867000,169869000000,True,554,2.3337,2.333682377827216
555,555,1.040867,171.966,1040867000,171966000000,True,555,2.3327,2.332672173112082
556,556,1.040867,174.064,1040867000,174064000000,True,556,2.3316,2.3316771424640668
557,557,1.040867,176.161,1040867000,176161000000,True,557,2.3306,2.3306978078397407
558,558,1.040867,178.258,1040867000,178258000000,True,558,2.3297,2.3297332813697875
559,559,1.040867,180.355,1040867000,180355000000,True,559,2.3288,2.328783168854233
560,560,1.040867,182.452,1040867000,182452000000,True,560,2.3278,2.327847091015557
561,561,1.040867,184.549,1040867000,184549000000,True,561,2.3269,2.3269246827699783
562,562,1.040867,186.647,1040867000,186647000000,True,562,2.3262,2.326015162145356
563,563,1.040867,188.744,1040867000,188744000000,True,563,2.3252,2.3251190573340437
564,564,1.040867,190.841,1040867000,190841000000,True,564,2.3242,2.324235605220012
565,565,1.040867,192.938,1040867000,192938000000,True,565,2.3235,2.3233644910366733
566,566,1.040867,195.035,1040867000,195035000000,True,566,2.3225,2.322505411161155
567,567,1.040867,197.132,1040867000,197132000000,True,567,2.3215,2.321658072604986
568,568,1.040867,199.229,1040867000,199229000000,True,568,2.3207,2.320822192533196
569,569,1.040867,201.327,1040867000,201327000000,True,569,2.3198,2.3199971071623
570,570,1.040867,203.424,1040867000,203424000000,True,570,2.3191,2.31918333906805
571,571,1.040867,205.521,1040867000,205521000000,True,571,2.3184,2.3183802373337157
572,572,1.040867,207.618,1040867000,207618000000,True,572,2.3178,2.3175875554391236
573,573,1.040867,209.715,1040867000,209715000000,True,573,2.3168,2.31680505497851
574,574,1.040867,211.812,1040867000,211812000000,True,574,2.316,2.316032505315456
575,575,1.040867,213.91,1040867000,213910000000,True,575,2.3153,2.315269321773348
576,576,1.040867,216.007,1040867000,216007000000,True,576,2.3143,2.314516015740005
577,577,1.040867,218.104,1040867000,218104000000,True,577,2.3138,2.313772011924563
578,578,1.040867,220.201,1040867000,220201000000,True,578,2.3131,2.3130371076628915
579,579,1.040867,222.298,1040867000,222298000000,True,579,2.3122,2.3123111065828104
580,580,1.040867,224.395,1040867000,224395000000,True,580,2.3117,2.311593818351579
581,581,1.040867,226.492,1040867000,226492000000,True,581,2.3109,2.3108850584357734
582,582,1.040867,228.59,1040867000,228590000000,True,582,2.3101,2.3101843158307487
583,583,1.040867,230.687,1040867000,230687000000,True,583,2.3096,2.3094920848697034
584,584,1.040867,232.784,1040867000,232784000000,True,584,2.309,2.3088078611103993
585,585,1.040867,234.881,1040867000,234881000000,True,585,2.3081,2.3081314810413733
586,586,1.040867,236.978,1040867000,236978000000,True,586,2.3075,2.3074627859120844
587,587,1.040867,239.075,1040867000,239075000000,True,587,2.3068,2.3068016215536202
588,588,1.040867,241.172,1040867000,241172000000,True,588,2.3061,2.3061478382076546
589,589,1.040867,243.27,1040867000,243270000000,True,589,2.3056,2.3055009837462066
590,590,1.040867,245.367,1040867000,245367000000,True,590,2.3048,2.304861533333715
591,591,1.040867,247.464,1040867000,247464000000,True,591,2.3042,2.3042290394618785
592,592,1.040867,249.561,1040867000,249561000000,True,592,2.3036,2.3036033684561392
593,593,1.040867,251.658,1040867000,251658000000,True,593,2.303,2.302984390306375
594,594,1.040867,253.755,1040867000,253755000000,True,594,2.3024,2.302371978536903
595,595,1.040867,255.853,1040867000,255853000000,True,595,2.3019,2.301765722630777
596,596,1.040867,257.95,1040867000,257950000000,True,596,2.3011,2.3011660807036485
597,597,1.040867,260.047,1040867000,260047000000,True,597,2.3005,2.300572645664513
598,598,1.040867,262.144,1040867000,262144000000,True,598,2.2999,2.299985303985552
599,599,1.040867,264.241,1040867000,264241000000,True,599,2.2994,2.2994039451024673
600,600,1.040867,266.338,1040867000,266338000000,True,600,2.2989,2.2988284613143346
601,601,1.040867,268.435,1040867000,268435000000,True,601,2.2983,2.2982587476875955
602,602,1.040867,270.533,1040867000,270533000000,True,602,2.2976,2.297694434322657
603,603,1.040867,272.63,1040867000,272630000000,True,603,2.2972,2.2971359594628713
604,604,1.040867,274.727,1040867000,274727000000,True,604,2.2967,2.2965829556201545
605,605,1.040867,276.824,1040867000,276824000000,True,605,2.2961,2.29603532804749
606,606,1.040867,278.921,1040867000,278921000000,True,606,2.2957,2.2954929843406022
607,607,1.040867,281.018,1040867000,281018000000,True,607,2.2949,2.2949558343629324
608,608,1.040867,283.116,1040867000,283116000000,True,608,2.2943,2.294423537660979
609,609,1.040867,285.213,1040867000,285213000000,True,609,2.2937,2.293896515819077
610,610,1.040867,287.31,1040867000,287310000000,True,610,2.2935,2.293374430156644
611,611,1.040867,289.407,1040867000,289407000000,True,611,2.2929,2.29285719891553
612,612,1.040867,291.504,1040867000,291504000000,True,612,2.2923,2.2923447422716676
613,613,1.040867,293.601,1040867000,293601000000,True,613,2.2919,2.291836982275796
614,614,1.040867,295.698,1040867000,295698000000,True,614,2.2912,2.2913338427964107
615,615,1.040867,297.796,1040867000,297796000000,True,615,2.2911,2.2908350127726393
616,616,1.040867,299.893,1040867000,299893000000,True,616,2.2904,2.2903408950463744
624,624,1.416184,0.134,1416184000,134000000,True,624,4.1816,4.181156438075205
625,625,1.416184,0.268,1416184000,268000000,True,625,3.7976,3.797288048793379
626,626,1.416184,0.537,1416184000,537000000,True,626,3.4805,3.4803405621700634
627,627,1.416184,1.074,1416184000,1074000000,True,627,3.22,3.2200536289058252
628,628,1.416184,2.097,1416184000,2097000000,True,628,3.0125,3.0124228376000524
629,629,1.416184,4.194,1416184000,4194000000,True,629,2.8347,2.834648238440851
630,630,1.416184,6.291,1416184000,6291000000,True,630,2.7458,2.7455678645875463
631,631,1.416184,8.389,1416184000,8389000000,True,631,2.6879,2.688199487808716
632,632,1.416184,10.486,1416184000,10486000000,True,632,2.6471,2.646797629801055
633,633,1.416184,12.583,1416184000,12583000000,True,633,2.6148,2.614836732195668
634,634,1.416184,14.68,1416184000,14680000000,True,634,2.589,2.589057411435161
635,635,1.416184,16.777,1416184000,16777000000,True,635,2.5674,2.567607639055242
636,636,1.416184,18.874,1416184000,18874000000,True,636,2.5491,2.5493414872220375
637,637,1.416184,20.972,1416184000,20972000000,True,637,2.5336,2.533497162992487
638,638,1.416184,23.069,1416184000,23069000000,True,638,2.5196,2.5195681513192922
639,639,1.416184,25.166,1416184000,25166000000,True,639,2.507,2.5071722311200415
640,640,1.416184,27.263,1416184000,27263000000,True,640,2.4958,2.4960325212149628
641,641,1.416184,29.36,1416184000,29360000000,True,641,2.4859,2.4859388204969344
642,642,1.416184,31.457,1416184000,31457000000,True,642,2.4769,2.476728081560332
643,643,1.416184,33.554,1416184000,33554000000,True,643,2.4682,2.4682714882601307
644,644,1.416184,35.652,1416184000,35652000000,True,644,2.4602,2.4604620588918835
645,645,1.416184,37.749,1416184000,37749000000,True,645,2.4532,2.453223050236458
646,646,1.416184,39.846,1416184000,39846000000,True,646,2.4464,2.44648125995389
647,647,1.416184,41.943,1416184000,41943000000,True,647,2.4398,2.440178941925227
648,648,1.416184,44.04,1416184000,44040000000,True,648,2.4342,2.4342675318232523
649,649,1.416184,46.137,1416184000,46137000000,True,649,2.4287,2.4287058299160584
650,650,1.416184,48.234,1416184000,48234000000,True,650,2.4235,2.4234586079889615
651,651,1.416184,50.332,1416184000,50332000000,True,651,2.4187,2.418493224325846
652,652,1.416184,52.429,1416184000,52429000000,True,652,2.4139,2.4137881043623874
653,653,1.416184,54.526,1416184000,54526000000,True,653,2.4093,2.4093178842602847
654,654,1.416184,56.623,1416184000,56623000000,True,654,2.4049,2.4050624566140026
655,655,1.416184,58.72,1416184000,58720000000,True,655,2.4013,2.401004100741947
656,656,1.416184,60.817,1416184000,60817000000,True,656,2.3971,2.3971271258950635
657,657,1.416184,62.915,1416184000,62915000000,True,657,2.3934,2.3934158469729083
658,658,1.416184,65.012,1416184000,65012000000,True,658,2.3898,2.3898613373000623
659,659,1.416184,67.109,1416184000,67109000000,True,659,2.3865,2.38645062155496
660,660,1.416184,69.206,1416184000,69206000000,True,660,2.3831,2.3831736546365816
661,661,1.416184,71.303,1416184000,71303000000,True,661,2.3799,2.3800213710010416
662,662,1.416184,73.4,1416184000,73400000000,True,662,2.3769,2.376985563608294
663,663,1.416184,75.497,1416184000,75497000000,True,663,2.374,2.374058780806842
664,664,1.416184,77.595,1416184000,77595000000,True,664,2.3712,2.371232914518813
665,665,1.416184,79.692,1416184000,79692000000,True,665,2.3684,2.368504463029223
666,666,1.416184,81.789,1416184000,81789000000,True,666,2.3659,2.365866388292862
667,667,1.416184,83.886,1416184000,83886000000,True,667,2.3633,2.3633134920248584
668,668,1.416184,85.983,1416184000,85983000000,True,668,2.361,2.360840995510496
669,669,1.416184,88.08,1416184000,88080000000,True,669,2.3581,2.3584444964751734
670,670,1.416184,90.178,1416184000,90178000000,True,670,2.3562,2.356118839326919
671,671,1.416184,92.275,1416184000,92275000000,True,671,2.354,2.3538624814752565
672,672,1.416184,94.372,1416184000,94372000000,True,672,2.3514,2.3516708156538786
673,673,1.416184,96.469,1416184000,96469000000,True,673,2.3495,2.3495406101876752
674,674,1.416184,98.566,1416184000,98566000000,True,674,2.3474,2.3474688606754115
675,675,1.416184,100.663,1416184000,100663000000,True,675,2.3453,2.3454527695703353
676,676,1.416184,102.76,1416184000,102760000000,True,676,2.3434,2.343489727977535
677,677,1.416184,104.858,1416184000,104858000000,True,677,2.3414,2.341576399109751
678,678,1.416184,106.955,1416184000,106955000000,True,678,2.3399,2.3397123273576548
679,679,1.416184,109.052,1416184000,109052000000,True,679,2.338,2.3378944549698955
680,680,1.416184,111.149,1416184000,111149000000,True,680,2.3362,2.3361207810145306
681,681,1.416184,113.246,1416184000,113246000000,True,681,2.3345,2.334389426911559
682,682,1.416184,115.343,1416184000,115343000000,True,682,2.3326,2.332698626848857
683,683,1.416184,117.441,1416184000,117441000000,True,683,2.331,2.3310459403846178
684,684,1.416184,119.538,1416184000,119538000000,True,684,2.3295,2.3294313769146426
685,685,1.416184,121.635,1416184000,121635000000,True,685,2.3277,2.3278526631817686
686,686,1.416184,123.732,1416184000,123732000000,True,686,2.3264,2.3263084053949625
687,687,1.416184,125.829,1416184000,125829000000,True,687,2.3248,2.32479728641443
688,688,1.416184,127.926,1416184000,127926000000,True,688,2.3233,2.3233180603415855
689,689,1.416184,130.023,1416184000,130023000000,True,689,2.3219,2.321869547572437
690,690,1.416184,132.121,1416184000,132121000000,True,690,2.3205,2.32044996051554
691,691,1.416184,134.218,1416184000,134218000000,True,691,2.319,2.319059591811186
692,692,1.416184,136.315,1416184000,136315000000,True,692,2.3178,2.3176967514444966
693,693,1.416184,138.412,1416184000,138412000000,True,693,2.3162,2.31636048329616
694,694,1.416184,140.509,1416184000,140509000000,True,694,2.3151,2.315049878304475
695,695,1.416184,142.606,1416184000,142606000000,True,695,2.3138,2.3137640714878063
696,696,1.416184,144.703,1416184000,144703000000,True,696,2.3125,2.3125022391960783
697,697,1.416184,146.801,1416184000,146801000000,True,697,2.3113,2.311263011308451
698,698,1.416184,148.898,1416184000,148898000000,True,698,2.3099,2.3100468204604665
699,699,1.416184,150.995,1416184000,150995000000,True,699,2.3089,2.3088523563752874
700,700,1.416184,153.092,1416184000,153092000000,True,700,2.3077,2.3076789371598356
701,701,1.416184,155.189,1416184000,155189000000,True,701,2.3065,2.3065259112914442
702,702,1.416184,157.286,1416184000,157286000000,True,702,2.3055,2.305392655876429
703,703,1.416184,159.384,1416184000,159384000000,True,703,2.3042,2.3042780482389396
704,704,1.416184,161.481,1416184000,161481000000,True,704,2.303,2.3031825803174204
705,705,1.416184,163.578,1416184000,163578000000,True,705,2.3019,2.3021051700373767
706,706,1.416184,165.675,1416184000,165675000000,True,706,2.3011,2.30104529390456
707,707,1.416184,167.772,1416184000,167772000000,True,707,2.2999,2.300002449983567
708,708,1.416184,169.869,1416184000,169869000000,True,708,2.2991,2.2989761567536466
709,709,1.416184,171.966,1416184000,171966000000,True,709,2.2978,2.2979659520385125
710,710,1.416184,174.064,1416184000,174064000000,True,710,2.2971,2.296970921390497
711,711,1.416184,176.161,1416184000,176161000000,True,711,2.296,2.295991586766171
712,712,1.416184,178.258,1416184000,178258000000,True,712,2.295,2.295027060296218
713,713,1.416184,180.355,1416184000,180355000000,True,713,2.294,2.2940769477806633
714,714,1.416184,182.452,1416184000,182452000000,True,714,2.2932,2.2931408699419875
715,715,1.416184,184.549,1416184000,184549000000,True,715,2.2922,2.2922184616964087
716,716,1.416184,186.647,1416184000,186647000000,True,716,2.2914,2.2913089410717866
717,717,1.416184,188.744,1416184000,188744000000,True,717,2.2904,2.290412836260474
718,718,1.416184,190.841,1416184000,190841000000,True,718,2.2895,2.2895293841464426
719,719,1.416184,192.938,1416184000,192938000000,True,719,2.2886,2.2886582699631037
720,720,1.416184,195.035,1416184000,195035000000,True,720,2.2878,2.2877991900875854
721,721,1.416184,197.132,1416184000,197132000000,True,721,2.287,2.2869518515314162
722,722,1.416184,199.229,1416184000,199229000000,True,722,2.286,2.2861159714596266
723,723,1.416184,201.327,1416184000,201327000000,True,723,2.2852,2.28529088608873
724,724,1.416184,203.424,1416184000,203424000000,True,724,2.2845,2.28447711799448
725,725,1.416184,205.521,1416184000,205521000000,True,725,2.2837,2.283674016260146
726,726,1.416184,207.618,1416184000,207618000000,True,726,2.2829,2.2828813343655545
727,727,1.416184,209.715,1416184000,209715000000,True,727,2.2821,2.2820988339049406
728,728,1.416184,211.812,1416184000,211812000000,True,728,2.2814,2.281326284241886
729,729,1.416184,213.91,1416184000,213910000000,True,729,2.2805,2.2805631006997786
730,730,1.416184,216.007,1416184000,216007000000,True,730,2.2797,2.2798097946664355
731,731,1.416184,218.104,1416184000,218104000000,True,731,2.2791,2.2790657908509933
732,732,1.416184,220.201,1416184000,220201000000,True,732,2.2782,2.278330886589322
733,733,1.416184,222.298,1416184000,222298000000,True,733,2.2776,2.277604885509241
734,734,1.416184,224.395,1416184000,224395000000,True,734,2.2767,2.2768875972780096
735,735,1.416184,226.492,1416184000,226492000000,True,735,2.2763,2.276178837362204
736,736,1.416184,228.59,1416184000,228590000000,True,736,2.2755,2.275478094757179
737,737,1.416184,230.687,1416184000,230687000000,True,737,2.2748,2.274785863796134
738,738,1.416184,232.784,1416184000,232784000000,True,738,2.2742,2.2741016400368297
739,739,1.416184,234.881,1416184000,234881000000,True,739,2.2736,2.2734252599678033
740,740,1.416184,236.978,1416184000,236978000000,True,740,2.2728,2.272756564838515
741,741,1.416184,239.075,1416184000,239075000000,True,741,2.2719,2.2720954004800507
742,742,1.416184,241.172,1416184000,241172000000,True,742,2.2713,2.271441617134085
743,743,1.416184,243.27,1416184000,243270000000,True,743,2.2707,2.270794762672637
744,744,1.416184,245.367,1416184000,245367000000,True,744,2.2702,2.270155312260145
745,745,1.416184,247.464,1416184000,247464000000,True,745,2.2696,2.269522818388309
746,746,1.416184,249.561,1416184000,249561000000,True,746,2.2688,2.26889714738257
747,747,1.416184,251.658,1416184000,251658000000,True,747,2.2683,2.2682781692328056
748,748,1.416184,253.755,1416184000,253755000000,True,748,2.2676,2.2676657574633334
749,749,1.416184,255.853,1416184000,255853000000,True,749,2.267,2.2670595015572075
750,750,1.416184,257.95,1416184000,257950000000,True,750,2.2663,2.266459859630079
751,751,1.416184,260.047,1416184000,260047000000,True,751,2.2658,2.2658664245909432
752,752,1.416184,262.144,1416184000,262144000000,True,752,2.2652,2.265279082911982
753,753,1.416184,264.241,1416184000,264241000000,True,753,2.2646,2.2646977240288977
754,754,1.416184,266.338,1416184000,266338000000,True,754,2.2642,2.264122240240765
755,755,1.416184,268.435,1416184000,268435000000,True,755,2.2635,2.263552526614026
756,756,1.416184,270.533,1416184000,270533000000,True,756,2.2632,2.2629882132490877
757,757,1.416184,272.63,1416184000,272630000000,True,757,2.2625,2.2624297383893017
758,758,1.416184,274.727,1416184000,274727000000,True,758,2.2619,2.2618767345465844
759,759,1.416184,276.824,1416184000,276824000000,True,759,2.2613,2.2613291069739203
760,760,1.416184,278.921,1416184000,278921000000,True,760,2.2609,2.2607867632670327
761,761,1.416184,281.018,1416184000,281018000000,True,761,2.2602,2.260249613289363
762,762,1.416184,283.116,1416184000,283116000000,True,762,2.2597,2.259717316587409
763,763,1.416184,285.213,1416184000,285213000000,True,763,2.2594,2.2591902947455074
764,764,1.416184,287.31,1416184000,287310000000,True,764,2.2587,2.2586682090830745
765,765,1.416184,289.407,1416184000,289407000000,True,765,2.2583,2.258150977841961
766,766,1.416184,291.504,1416184000,291504000000,True,766,2.2576,2.257638521198098
767,767,1.416184,293.601,1416184000,293601000000,True,767,2.2571,2.257130761202226
768,768,1.416184,295.698,1416184000,295698000000,True,768,2.2568,2.256627621722841
769,769,1.416184,297.796,1416184000,297796000000,True,769,2.2561,2.2561287916990698
770,770,1.416184,299.893,1416184000,299893000000,True,770,2.2558,2.255634673972805
778,778,2.782831,0.134,2782831000,134000000,True,778,4.1162,4.1166262208615
779,779,2.782831,0.268,2782831000,268000000,True,779,3.7324,3.732757831579674
780,780,2.782831,0.537,2782831000,537000000,True,780,3.4164,3.4158103449563577
781,781,2.782831,1.074,2782831000,1074000000,True,781,3.1558,3.15552341169212
782,782,2.782831,2.097,2782831000,2097000000,True,782,2.9476,2.947892620386347
783,783,2.782831,4.194,2782831000,4194000000,True,783,2.7702,2.7701180212271455
784,784,2.782831,6.291,2782831000,6291000000,True,784,2.6811,2.681037647373841
785,785,2.782831,8.389,2782831000,8389000000,True,785,2.6238,2.623669270595011
786,786,2.782831,10.486,2782831000,10486000000,True,786,2.5824,2.58226741258735
787,787,2.782831,12.583,2782831000,12583000000,True,787,2.5504,2.550306514981963
788,788,2.782831,14.68,2782831000,14680000000,True,788,2.5246,2.5245271942214558
789,789,2.782831,16.777,2782831000,16777000000,True,789,2.503,2.5030774218415366
790,790,2.782831,18.874,2782831000,18874000000,True,790,2.4846,2.484811270008332
791,791,2.782831,20.972,2782831000,20972000000,True,791,2.469,2.468966945778782
792,792,2.782831,23.069,2782831000,23069000000,True,792,2.455,2.455037934105587
793,793,2.782831,25.166,2782831000,25166000000,True,793,2.4427,2.4426420139063363
794,794,2.782831,27.263,2782831000,27263000000,True,794,2.4313,2.431502304001257
795,795,2.782831,29.36,2782831000,29360000000,True,795,2.4212,2.4214086032832287
796,796,2.782831,31.457,2782831000,31457000000,True,796,2.4123,2.412197864346626
797,797,2.782831,33.554,2782831000,33554000000,True,797,2.4037,2.4037412710464254
798,798,2.782831,35.652,2782831000,35652000000,True,798,2.396,2.3959318416781783
799,799,2.782831,37.749,2782831000,37749000000,True,799,2.3887,2.388692833022753
800,800,2.782831,39.846,2782831000,39846000000,True,800,2.3819,2.3819510427401847
801,801,2.782831,41.943,2782831000,41943000000,True,801,2.3757,2.375648724711522
802,802,2.782831,44.04,2782831000,44040000000,True,802,2.3697,2.369737314609547
803,803,2.782831,46.137,2782831000,46137000000,True,803,2.3642,2.364175612702353
804,804,2.782831,48.234,2782831000,48234000000,True,804,2.3589,2.358928390775256
805,805,2.782831,50.332,2782831000,50332000000,True,805,2.3539,2.3539630071121405
806,806,2.782831,52.429,2782831000,52429000000,True,806,2.3492,2.349257887148682
807,807,2.782831,54.526,2782831000,54526000000,True,807,2.3448,2.3447876670465795
808,808,2.782831,56.623,2782831000,56623000000,True,808,2.3405,2.3405322394002974
809,809,2.782831,58.72,2782831000,58720000000,True,809,2.3366,2.3364738835282415
810,810,2.782831,60.817,2782831000,60817000000,True,810,2.3325,2.332596908681358
811,811,2.782831,62.915,2782831000,62915000000,True,811,2.3288,2.328885629759203
812,812,2.782831,65.012,2782831000,65012000000,True,812,2.3253,2.325331120086357
813,813,2.782831,67.109,2782831000,67109000000,True,813,2.3221,2.3219204043412547
814,814,2.782831,69.206,2782831000,69206000000,True,814,2.3186,2.3186434374228764
815,815,2.782831,71.303,2782831000,71303000000,True,815,2.3156,2.3154911537873364
816,816,2.782831,73.4,2782831000,73400000000,True,816,2.3123,2.312455346394589
817,817,2.782831,75.497,2782831000,75497000000,True,817,2.3095,2.309528563593137
818,818,2.782831,77.595,2782831000,77595000000,True,818,2.3068,2.306702697305108
819,819,2.782831,79.692,2782831000,79692000000,True,819,2.304,2.303974245815518
820,820,2.782831,81.789,2782831000,81789000000,True,820,2.3014,2.3013361710791562
821,821,2.782831,83.886,2782831000,83886000000,True,821,2.2987,2.298783274811153
822,822,2.782831,85.983,2782831000,85983000000,True,822,2.2964,2.29631077829679
823,823,2.782831,88.08,2782831000,88080000000,True,823,2.2941,2.2939142792614677
824,824,2.782831,90.178,2782831000,90178000000,True,824,2.2915,2.2915886221132133
825,825,2.782831,92.275,2782831000,92275000000,True,825,2.2893,2.289332264261551
826,826,2.782831,94.372,2782831000,94372000000,True,826,2.2873,2.287140598440173
827,827,2.782831,96.469,2782831000,96469000000,True,827,2.2851,2.2850103929739696
828,828,2.782831,98.566,2782831000,98566000000,True,828,2.2829,2.2829386434617063
829,829,2.782831,100.663,2782831000,100663000000,True,829,2.2809,2.28092255235663
830,830,2.782831,102.76,2782831000,102760000000,True,830,2.2789,2.2789595107638294
831,831,2.782831,104.858,2782831000,104858000000,True,831,2.2769,2.2770461818960457
832,832,2.782831,106.955,2782831000,106955000000,True,832,2.2751,2.275182110143949
833,833,2.782831,109.052,2782831000,109052000000,True,833,2.2733,2.27336423775619
834,834,2.782831,111.149,2782831000,111149000000,True,834,2.2715,2.271590563800825
835,835,2.782831,113.246,2782831000,113246000000,True,835,2.2698,2.2698592096978536
836,836,2.782831,115.343,2782831000,115343000000,True,836,2.2682,2.2681684096351513
837,837,2.782831,117.441,2782831000,117441000000,True,837,2.2666,2.266515723170912
838,838,2.782831,119.538,2782831000,119538000000,True,838,2.2648,2.264901159700937
839,839,2.782831,121.635,2782831000,121635000000,True,839,2.2634,2.2633224459680634
840,840,2.782831,123.732,2782831000,123732000000,True,840,2.2617,2.261778188181257
841,841,2.782831,125.829,2782831000,125829000000,True,841,2.2603,2.260267069200725
842,842,2.782831,127.926,2782831000,127926000000,True,842,2.2588,2.25878784312788
843,843,2.782831,130.023,2782831000,130023000000,True,843,2.2572,2.257339330358732
844,844,2.782831,132.121,2782831000,132121000000,True,844,2.2559,2.2559197433018343
845,845,2.782831,134.218,2782831000,134218000000,True,845,2.2545,2.2545293745974804
846,846,2.782831,136.315,2782831000,136315000000,True,846,2.2532,2.2531665342307914
847,847,2.782831,138.412,2782831000,138412000000,True,847,2.2518,2.2518302660824547
848,848,2.782831,140.509,2782831000,140509000000,True,848,2.2507,2.2505196610907694
849,849,2.782831,142.606,2782831000,142606000000,True,849,2.2492,2.2492338542741006
850,850,2.782831,144.703,2782831000,144703000000,True,850,2.2479,2.2479720219823727
851,851,2.782831,146.801,2782831000,146801000000,True,851,2.2467,2.2467327940947452
852,852,2.782831,148.898,2782831000,148898000000,True,852,2.2455,2.2455166032467613
853,853,2.782831,150.995,2782831000,150995000000,True,853,2.2443,2.2443221391615817
854,854,2.782831,153.092,2782831000,153092000000,True,854,2.2432,2.24314871994613
855,855,2.782831,155.189,2782831000,155189000000,True,855,2.2421,2.2419956940777386
856,856,2.782831,157.286,2782831000,157286000000,True,856,2.2408,2.240862438662724
857,857,2.782831,159.384,2782831000,159384000000,True,857,2.2397,2.2397478310252343
858,858,2.782831,161.481,2782831000,161481000000,True,858,2.2387,2.238652363103715
859,859,2.782831,163.578,2782831000,163578000000,True,859,2.2375,2.237574952823671
860,860,2.782831,165.675,2782831000,165675000000,True,860,2.2366,2.236515076690855
861,861,2.782831,167.772,2782831000,167772000000,True,861,2.2355,2.2354722327698613
862,862,2.782831,169.869,2782831000,169869000000,True,862,2.2343,2.234445939539941
863,863,2.782831,171.966,2782831000,171966000000,True,863,2.2336,2.2334357348248073
864,864,2.782831,174.064,2782831000,174064000000,True,864,2.2326,2.2324407041767915
865,865,2.782831,176.161,2782831000,176161000000,True,865,2.2314,2.231461369552466
866,866,2.782831,178.258,2782831000,178258000000,True,866,2.2305,2.2304968430825123
867,867,2.782831,180.355,2782831000,180355000000,True,867,2.2296,2.229546730566958
868,868,2.782831,182.452,2782831000,182452000000,True,868,2.2286,2.228610652728282
869,869,2.782831,184.549,2782831000,184549000000,True,869,2.2277,2.227688244482703
870,870,2.782831,186.647,2782831000,186647000000,True,870,2.2269,2.226778723858081
871,871,2.782831,188.744,2782831000,188744000000,True,871,2.2259,2.2258826190467684
872,872,2.782831,190.841,2782831000,190841000000,True,872,2.2249,2.224999166932737
873,873,2.782831,192.938,2782831000,192938000000,True,873,2.224,2.2241280527493985
874,874,2.782831,195.035,2782831000,195035000000,True,874,2.2232,2.22326897287388
875,875,2.782831,197.132,2782831000,197132000000,True,875,2.2224,2.222421634317711
876,876,2.782831,199.229,2782831000,199229000000,True,876,2.2217,2.221585754245921
877,877,2.782831,201.327,2782831000,201327000000,True,877,2.2207,2.220760668875025
878,878,2.782831,203.424,2782831000,203424000000,True,878,2.22,2.2199469007807746
879,879,2.782831,205.521,2782831000,205521000000,True,879,2.2191,2.219143799046441
880,880,2.782831,207.618,2782831000,207618000000,True,880,2.2184,2.218351117151849
881,881,2.782831,209.715,2782831000,209715000000,True,881,2.2178,2.217568616691235
882,882,2.782831,211.812,2782831000,211812000000,True,882,2.2168,2.2167960670281808
883,883,2.782831,213.91,2782831000,213910000000,True,883,2.216,2.216032883486073
884,884,2.782831,216.007,2782831000,216007000000,True,884,2.2154,2.21527957745273
885,885,2.782831,218.104,2782831000,218104000000,True,885,2.2146,2.2145355736372876
886,886,2.782831,220.201,2782831000,220201000000,True,886,2.214,2.2138006693756163
887,887,2.782831,222.298,2782831000,222298000000,True,887,2.2131,2.2130746682955356
888,888,2.782831,224.395,2782831000,224395000000,True,888,2.2123,2.2123573800643044
889,889,2.782831,226.492,2782831000,226492000000,True,889,2.2117,2.211648620148498
890,890,2.782831,228.59,2782831000,228590000000,True,890,2.211,2.210947877543474
891,891,2.782831,230.687,2782831000,230687000000,True,891,2.2103,2.2102556465824286
892,892,2.782831,232.784,2782831000,232784000000,True,892,2.2096,2.2095714228231245
893,893,2.782831,234.881,2782831000,234881000000,True,893,2.209,2.208895042754098
894,894,2.782831,236.978,2782831000,236978000000,True,894,2.2083,2.2082263476248096
895,895,2.782831,239.075,2782831000,239075000000,True,895,2.2077,2.207565183266345
896,896,2.782831,241.172,2782831000,241172000000,True,896,2.207,2.2069113999203793
897,897,2.782831,243.27,2782831000,243270000000,True,897,2.2063,2.2062645454589314
898,898,2.782831,245.367,2782831000,245367000000,True,898,2.2056,2.20562509504644
899,899,2.782831,247.464,2782831000,247464000000,True,899,2.2051,2.2049926011746033
900,900,2.782831,249.561,2782831000,249561000000,True,900,2.2043,2.2043669301688644
901,901,2.782831,251.658,2782831000,251658000000,True,901,2.2038,2.2037479520191003
902,902,2.782831,253.755,2782831000,253755000000,True,902,2.2031,2.203135540249628
903,903,2.782831,255.853,2782831000,255853000000,True,903,2.2025,2.2025292843435023
904,904,2.782831,257.95,2782831000,257950000000,True,904,2.202,2.2019296424163732
905,905,2.782831,260.047,2782831000,260047000000,True,905,2.2014,2.201336207377238
906,906,2.782831,262.144,2782831000,262144000000,True,906,2.2008,2.2007488656982765
907,907,2.782831,264.241,2782831000,264241000000,True,907,2.2001,2.200167506815192
908,908,2.782831,266.338,2782831000,266338000000,True,908,2.1997,2.1995920230270594
909,909,2.782831,268.435,2782831000,268435000000,True,909,2.1991,2.1990223094003207
910,910,2.782831,270.533,2782831000,270533000000,True,910,2.1986,2.198457996035382
911,911,2.782831,272.63,2782831000,272630000000,True,911,2.1979,2.1978995211755965
912,912,2.782831,274.727,2782831000,274727000000,True,912,2.1974,2.1973465173328792
913,913,2.782831,276.824,2782831000,276824000000,True,913,2.1968,2.1967988897602146
914,914,2.782831,278.921,2782831000,278921000000,True,914,2.1964,2.196256546053327
915,915,2.782831,281.018,2782831000,281018000000,True,915,2.1957,2.195719396075657
916,916,2.782831,283.116,2782831000,283116000000,True,916,2.1952,2.1951870993737037
917,917,2.782831,285.213,2782831000,285213000000,True,917,2.1947,2.194660077531802
918,918,2.782831,287.31,2782831000,287310000000,True,918,2.1942,2.1941379918693693
919,919,2.782831,289.407,2782831000,289407000000,True,919,2.1936,2.193620760628255
920,920,2.782831,291.504,2782831000,291504000000,True,920,2.1931,2.1931083039843924
921,921,2.782831,293.601,2782831000,293601000000,True,921,2.1927,2.1926005439885206
922,922,2.782831,295.698,2782831000,295698000000,True,922,2.192,2.192097404509136
923,923,2.782831,297.796,2782831000,297796000000,True,923,2.1916,2.191598574485364
924,924,2.782831,299.893,2782831000,299893000000,True,924,2.1911,2.1911044567590996
932,932,6.86104,0.134,6861040000,134000000,True,932,4.0512,4.050588767367192
933,933,6.86104,0.268,6861040000,268000000,True,933,3.6658,3.6667203780853663
934,934,6.86104,0.537,6861040000,537000000,True,934,3.3494,3.34977289146205
935,935,6.86104,1.074,6861040000,1074000000,True,935,3.0899,3.0894859581978125
936,936,6.86104,2.097,6861040000,2097000000,True,936,2.8818,2.8818551668920396
937,937,6.86104,4.194,6861040000,4194000000,True,937,2.7039,2.704080567732838
938,938,6.86104,6.291,6861040000,6291000000,True,938,2.6151,2.6150001938795335
939,939,6.86104,8.389,6861040000,8389000000,True,939,2.5577,2.5576318171007033
940,940,6.86104,10.486,6861040000,10486000000,True,940,2.5161,2.5162299590930424
941,941,6.86104,12.583,6861040000,12583000000,True,941,2.4841,2.4842690614876553
942,942,6.86104,14.68,6861040000,14680000000,True,942,2.4586,2.458489740727148
943,943,6.86104,16.777,6861040000,16777000000,True,943,2.4371,2.437039968347229
944,944,6.86104,18.874,6861040000,18874000000,True,944,2.4187,2.4187738165140242
945,945,6.86104,20.972,6861040000,20972000000,True,945,2.4032,2.4029294922844744
946,946,6.86104,23.069,6861040000,23069000000,True,946,2.3889,2.3890004806112795
947,947,6.86104,25.166,6861040000,25166000000,True,947,2.3764,2.3766045604120287
948,948,6.86104,27.263,6861040000,27263000000,True,948,2.3654,2.3654648505069495
949,949,6.86104,29.36,6861040000,29360000000,True,949,2.3553,2.355371149788921
950,950,6.86104,31.457,6861040000,31457000000,True,950,2.3462,2.3461604108523186
951,951,6.86104,33.554,6861040000,33554000000,True,951,2.3377,2.337703817552118
952,952,6.86104,35.652,6861040000,35652000000,True,952,2.3299,2.3298943881838707
953,953,6.86104,37.749,6861040000,37749000000,True,953,2.3225,2.3226553795284453
954,954,6.86104,39.846,6861040000,39846000000,True,954,2.3161,2.315913589245877
955,955,6.86104,41.943,6861040000,41943000000,True,955,2.3096,2.3096112712172143
956,956,6.86104,44.04,6861040000,44040000000,True,956,2.3038,2.3036998611152395
957,957,6.86104,46.137,6861040000,46137000000,True,957,2.2982,2.2981381592080456
958,958,6.86104,48.234,6861040000,48234000000,True,958,2.2929,2.2928909372809483
959,959,6.86104,50.332,6861040000,50332000000,True,959,2.288,2.287925553617833
960,960,6.86104,52.429,6861040000,52429000000,True,960,2.2832,2.283220433654374
961,961,6.86104,54.526,6861040000,54526000000,True,961,2.2788,2.278750213552272
962,962,6.86104,56.623,6861040000,56623000000,True,962,2.2746,2.27449478590599
963,963,6.86104,58.72,6861040000,58720000000,True,963,2.2704,2.270436430033934
964,964,6.86104,60.817,6861040000,60817000000,True,964,2.2666,2.2665594551870503
965,965,6.86104,62.915,6861040000,62915000000,True,965,2.2628,2.2628481762648955
966,966,6.86104,65.012,6861040000,65012000000,True,966,2.2594,2.2592936665920496
967,967,6.86104,67.109,6861040000,67109000000,True,967,2.2558,2.255882950846947
968,968,6.86104,69.206,6861040000,69206000000,True,968,2.2528,2.252605983928569
969,969,6.86104,71.303,6861040000,71303000000,True,969,2.2494,2.249453700293029
970,970,6.86104,73.4,6861040000,73400000000,True,970,2.2463,2.2464178929002814
971,971,6.86104,75.497,6861040000,75497000000,True,971,2.2435,2.2434911100988293
972,972,6.86104,77.595,6861040000,77595000000,True,972,2.2406,2.2406652438108003
973,973,6.86104,79.692,6861040000,79692000000,True,973,2.238,2.2379367923212103
974,974,6.86104,81.789,6861040000,81789000000,True,974,2.2352,2.2352987175848487
975,975,6.86104,83.886,6861040000,83886000000,True,975,2.2327,2.2327458213168456
976,976,6.86104,85.983,6861040000,85983000000,True,976,2.2301,2.2302733248024826
977,977,6.86104,88.08,6861040000,88080000000,True,977,2.2278,2.22787682576716
978,978,6.86104,90.178,6861040000,90178000000,True,978,2.2253,2.225551168618906
979,979,6.86104,92.275,6861040000,92275000000,True,979,2.2231,2.2232948107672432
980,980,6.86104,94.372,6861040000,94372000000,True,980,2.2212,2.2211031449458654
981,981,6.86104,96.469,6861040000,96469000000,True,981,2.219,2.218972939479662
982,982,6.86104,98.566,6861040000,98566000000,True,982,2.2169,2.2169011899673987
983,983,6.86104,100.663,6861040000,100663000000,True,983,2.2148,2.2148850988623225
984,984,6.86104,102.76,6861040000,102760000000,True,984,2.2129,2.212922057269522
985,985,6.86104,104.858,6861040000,104858000000,True,985,2.211,2.211008728401738
986,986,6.86104,106.955,6861040000,106955000000,True,986,2.209,2.2091446566496415
987,987,6.86104,109.052,6861040000,109052000000,True,987,2.2074,2.2073267842618822
988,988,6.86104,111.149,6861040000,111149000000,True,988,2.2056,2.2055531103065174
989,989,6.86104,113.246,6861040000,113246000000,True,989,2.2038,2.203821756203546
990,990,6.86104,115.343,6861040000,115343000000,True,990,2.2021,2.2021309561408438
991,991,6.86104,117.441,6861040000,117441000000,True,991,2.2005,2.2004782696766045
992,992,6.86104,119.538,6861040000,119538000000,True,992,2.1987,2.1988637062066294
993,993,6.86104,121.635,6861040000,121635000000,True,993,2.1973,2.197284992473756
994,994,6.86104,123.732,6861040000,123732000000,True,994,2.1957,2.1957407346869493
995,995,6.86104,125.829,6861040000,125829000000,True,995,2.1941,2.1942296157064174
996,996,6.86104,127.926,6861040000,127926000000,True,996,2.1927,2.1927503896335723
997,997,6.86104,130.023,6861040000,130023000000,True,997,2.1914,2.1913018768644243
998,998,6.86104,132.121,6861040000,132121000000,True,998,2.1899,2.1898822898075267
999,999,6.86104,134.218,6861040000,134218000000,True,999,2.1884,2.188491921103173
1000,1000,6.86104,136.315,6861040000,136315000000,True,1000,2.1872,2.187129080736484
1001,1001,6.86104,138.412,6861040000,138412000000,True,1001,2.1859,2.185792812588147
1002,1002,6.86104,140.509,6861040000,140509000000,True,1002,2.1845,2.184482207596462
1003,1003,6.86104,142.606,6861040000,142606000000,True,1003,2.1832,2.183196400779793
1004,1004,6.86104,144.703,6861040000,144703000000,True,1004,2.1819,2.181934568488065
1005,1005,6.86104,146.801,6861040000,146801000000,True,1005,2.1807,2.1806953406004377
1006,1006,6.86104,148.898,6861040000,148898000000,True,1006,2.1795,2.1794791497524537
1007,1007,6.86104,150.995,6861040000,150995000000,True,1007,2.1783,2.178284685667274
1008,1008,6.86104,153.092,6861040000,153092000000,True,1008,2.1772,2.1771112664518224
1009,1009,6.86104,155.189,6861040000,155189000000,True,1009,2.176,2.175958240583431
1010,1010,6.86104,157.286,6861040000,157286000000,True,1010,2.1748,2.1748249851684163
1011,1011,6.86104,159.384,6861040000,159384000000,True,1011,2.1738,2.1737103775309268
1012,1012,6.86104,161.481,6861040000,161481000000,True,1012,2.1726,2.1726149096094076
1013,1013,6.86104,163.578,6861040000,163578000000,True,1013,2.1717,2.1715374993293635
1014,1014,6.86104,165.675,6861040000,165675000000,True,1014,2.1704,2.1704776231965472
1015,1015,6.86104,167.772,6861040000,167772000000,True,1015,2.1696,2.1694347792755537
1016,1016,6.86104,169.869,6861040000,169869000000,True,1016,2.1684,2.1684084860456334
1017,1017,6.86104,171.966,6861040000,171966000000,True,1017,2.1673,2.1673982813304997
1018,1018,6.86104,174.064,6861040000,174064000000,True,1018,2.1664,2.166403250682484
1019,1019,6.86104,176.161,6861040000,176161000000,True,1019,2.1654,2.1654239160581583
1020,1020,6.86104,178.258,6861040000,178258000000,True,1020,2.1645,2.1644593895882047
1021,1021,6.86104,180.355,6861040000,180355000000,True,1021,2.1635,2.1635092770726505
1022,1022,6.86104,182.452,6861040000,182452000000,True,1022,2.1625,2.1625731992339743
1023,1023,6.86104,184.549,6861040000,184549000000,True,1023,2.1616,2.1616507909883955
1024,1024,6.86104,186.647,6861040000,186647000000,True,1024,2.1609,2.1607412703637734
1025,1025,6.86104,188.744,6861040000,188744000000,True,1025,2.16,2.159845165552461
1026,1026,6.86104,190.841,6861040000,190841000000,True,1026,2.159,2.1589617134384294
1027,1027,6.86104,192.938,6861040000,192938000000,True,1027,2.1581,2.158090599255091
1028,1028,6.86104,195.035,6861040000,195035000000,True,1028,2.1572,2.1572315193795726
1029,1029,6.86104,197.132,6861040000,197132000000,True,1029,2.1564,2.1563841808234034
1030,1030,6.86104,199.229,6861040000,199229000000,True,1030,2.1555,2.1555483007516134
1031,1031,6.86104,201.327,6861040000,201327000000,True,1031,2.1547,2.1547232153807174
1032,1032,6.86104,203.424,6861040000,203424000000,True,1032,2.1538,2.153909447286467
1033,1033,6.86104,205.521,6861040000,205521000000,True,1033,2.1531,2.1531063455521333
1034,1034,6.86104,207.618,6861040000,207618000000,True,1034,2.1524,2.1523136636575413
1035,1035,6.86104,209.715,6861040000,209715000000,True,1035,2.1515,2.1515311631969274
1036,1036,6.86104,211.812,6861040000,211812000000,True,1036,2.1509,2.150758613533873
1037,1037,6.86104,213.91,6861040000,213910000000,True,1037,2.1499,2.1499954299917654
1038,1038,6.86104,216.007,6861040000,216007000000,True,1038,2.1491,2.1492421239584223
1039,1039,6.86104,218.104,6861040000,218104000000,True,1039,2.1485,2.14849812014298
1040,1040,6.86104,220.201,6861040000,220201000000,True,1040,2.1478,2.1477632158813087
1041,1041,6.86104,222.298,6861040000,222298000000,True,1041,2.1472,2.147037214801228
1042,1042,6.86104,224.395,6861040000,224395000000,True,1042,2.1463,2.146319926569997
1043,1043,6.86104,226.492,6861040000,226492000000,True,1043,2.1457,2.1456111666541906
1044,1044,6.86104,228.59,6861040000,228590000000,True,1044,2.1449,2.1449104240491663
1045,1045,6.86104,230.687,6861040000,230687000000,True,1045,2.1442,2.144218193088121
1046,1046,6.86104,232.784,6861040000,232784000000,True,1046,2.1436,2.143533969328817
1047,1047,6.86104,234.881,6861040000,234881000000,True,1047,2.1429,2.1428575892597905
1048,1048,6.86104,236.978,6861040000,236978000000,True,1048,2.1421,2.142188894130502
1049,1049,6.86104,239.075,6861040000,239075000000,True,1049,2.1416,2.1415277297720374
1050,1050,6.86104,241.172,6861040000,241172000000,True,1050,2.141,2.1408739464260718
1051,1051,6.86104,243.27,6861040000,243270000000,True,1051,2.1402,2.140227091964624
1052,1052,6.86104,245.367,6861040000,245367000000,True,1052,2.1396,2.1395876415521324
1053,1053,6.86104,247.464,6861040000,247464000000,True,1053,2.139,2.1389551476802957
1054,1054,6.86104,249.561,6861040000,249561000000,True,1054,2.1384,2.138329476674557
1055,1055,6.86104,251.658,6861040000,251658000000,True,1055,2.1377,2.137710498524793
1056,1056,6.86104,253.755,6861040000,253755000000,True,1056,2.1371,2.1370980867553206
1057,1057,6.86104,255.853,6861040000,255853000000,True,1057,2.1365,2.1364918308491947
1058,1058,6.86104,257.95,6861040000,257950000000,True,1058,2.136,2.1358921889220657
1059,1059,6.86104,260.047,6861040000,260047000000,True,1059,2.1353,2.1352987538829304
1060,1060,6.86104,262.144,6861040000,262144000000,True,1060,2.1347,2.134711412203969
1061,1061,6.86104,264.241,6861040000,264241000000,True,1061,2.1342,2.1341300533208845
1062,1062,6.86104,266.338,6861040000,266338000000,True,1062,2.1334,2.133554569532752
1063,1063,6.86104,268.435,6861040000,268435000000,True,1063,2.1331,2.132984855906013
1064,1064,6.86104,270.533,6861040000,270533000000,True,1064,2.1323,2.1324205425410745
1065,1065,6.86104,272.63,6861040000,272630000000,True,1065,2.1318,2.131862067681289
1066,1066,6.86104,274.727,6861040000,274727000000,True,1066,2.1312,2.1313090638385717
1067,1067,6.86104,276.824,6861040000,276824000000,True,1067,2.1307,2.130761436265907
1068,1068,6.86104,278.921,6861040000,278921000000,True,1068,2.1303,2.1302190925590194
1069,1069,6.86104,281.018,6861040000,281018000000,True,1069,2.1297,2.1296819425813496
1070,1070,6.86104,283.116,6861040000,283116000000,True,1070,2.1292,2.129149645879396
1071,1071,6.86104,285.213,6861040000,285213000000,True,1071,2.1286,2.1286226240374946
1072,1072,6.86104,287.31,6861040000,287310000000,True,1072,2.1281,2.1281005383750617
1073,1073,6.86104,289.407,6861040000,289407000000,True,1073,2.1276,2.1275833071339476
1074,1074,6.86104,291.504,6861040000,291504000000,True,1074,2.127,2.127070850490085
1075,1075,6.86104,293.601,6861040000,293601000000,True,1075,2.1266,2.126563090494213
1076,1076,6.86104,295.698,6861040000,295698000000,True,1076,2.126,2.1260599510148284
1077,1077,6.86104,297.796,6861040000,297796000000,True,1077,2.1255,2.1255611209910565
1078,1078,6.86104,299.893,6861040000,299893000000,True,1078,2.125,2.125067003264792
1086,1086,11.965825,0.134,11965825000,134000000,True,1086,4.0188,4.018901235594227
1087,1087,11.965825,0.268,11965825000,268000000,True,1087,3.6351,3.6350328463124013
1088,1088,11.965825,0.537,11965825000,537000000,True,1088,3.3185,3.3180853596890856
1089,1089,11.965825,1.074,11965825000,1074000000,True,1089,3.058,3.0577984264248474
1090,1090,11.965825,2.097,11965825000,2097000000,True,1090,2.8502,2.8501676351190746
1091,1091,11.965825,4.194,11965825000,4194000000,True,1091,2.6724,2.6723930359598733
1092,1092,11.965825,6.291,11965825000,6291000000,True,1092,2.5833,2.5833126621065685
1093,1093,11.965825,8.389,11965825000,8389000000,True,1093,2.5261,2.5259442853277383
1094,1094,11.965825,10.486,11965825000,10486000000,True,1094,2.4845,2.4845424273200774
1095,1095,11.965825,12.583,11965825000,12583000000,True,1095,2.4527,2.4525815297146902
1096,1096,11.965825,14.68,11965825000,14680000000,True,1096,2.4268,2.426802208954183
1097,1097,11.965825,16.777,11965825000,16777000000,True,1097,2.4053,2.405352436574264
1098,1098,11.965825,18.874,11965825000,18874000000,True,1098,2.3868,2.3870862847410597
1099,1099,11.965825,20.972,11965825000,20972000000,True,1099,2.3713,2.3712419605115094
1100,1100,11.965825,23.069,11965825000,23069000000,True,1100,2.3573,2.3573129488383144
1101,1101,11.965825,25.166,11965825000,25166000000,True,1101,2.345,2.3449170286390637
1102,1102,11.965825,27.263,11965825000,27263000000,True,1102,2.3334,2.333777318733985
1103,1103,11.965825,29.36,11965825000,29360000000,True,1103,2.3239,2.3236836180159566
1104,1104,11.965825,31.457,11965825000,31457000000,True,1104,2.3144,2.314472879079354
1105,1105,11.965825,33.554,11965825000,33554000000,True,1105,2.3061,2.306016285779153
1106,1106,11.965825,35.652,11965825000,35652000000,True,1106,2.2981,2.2982068564109057
1107,1107,11.965825,37.749,11965825000,37749000000,True,1107,2.291,2.2909678477554802
1108,1108,11.965825,39.846,11965825000,39846000000,True,1108,2.2841,2.284226057472912
1109,1109,11.965825,41.943,11965825000,41943000000,True,1109,2.2778,2.2779237394442493
1110,1110,11.965825,44.04,11965825000,44040000000,True,1110,2.2722,2.2720123293422745
1111,1111,11.965825,46.137,11965825000,46137000000,True,1111,2.2664,2.2664506274350806
1112,1112,11.965825,48.234,11965825000,48234000000,True,1112,2.2612,2.2612034055079837
1113,1113,11.965825,50.332,11965825000,50332000000,True,1113,2.2563,2.2562380218448683
1114,1114,11.965825,52.429,11965825000,52429000000,True,1114,2.2516,2.2515329018814096
1115,1115,11.965825,54.526,11965825000,54526000000,True,1115,2.2471,2.247062681779307
1116,1116,11.965825,56.623,11965825000,56623000000,True,1116,2.2428,2.242807254133025
1117,1117,11.965825,58.72,11965825000,58720000000,True,1117,2.239,2.2387488982609693
1118,1118,11.965825,60.817,11965825000,60817000000,True,1118,2.2349,2.2348719234140857
1119,1119,11.965825,62.915,11965825000,62915000000,True,1119,2.2312,2.2311606444919305
1120,1120,11.965825,65.012,11965825000,65012000000,True,1120,2.2277,2.2276061348190845
1121,1121,11.965825,67.109,11965825000,67109000000,True,1121,2.2243,2.224195419073982
1122,1122,11.965825,69.206,11965825000,69206000000,True,1122,2.221,2.220918452155604
1123,1123,11.965825,71.303,11965825000,71303000000,True,1123,2.2178,2.217766168520064
1124,1124,11.965825,73.4,11965825000,73400000000,True,1124,2.2146,2.2147303611273164
1125,1125,11.965825,75.497,11965825000,75497000000,True,1125,2.2119,2.2118035783258643
1126,1126,11.965825,77.595,11965825000,77595000000,True,1126,2.2089,2.2089777120378353
1127,1127,11.965825,79.692,11965825000,79692000000,True,1127,2.2063,2.2062492605482453
1128,1128,11.965825,81.789,11965825000,81789000000,True,1128,2.2035,2.203611185811884
1129,1129,11.965825,83.886,11965825000,83886000000,True,1129,2.201,2.2010582895438806
1130,1130,11.965825,85.983,11965825000,85983000000,True,1130,2.1986,2.198585793029518
1131,1131,11.965825,88.08,11965825000,88080000000,True,1131,2.1962,2.1961892939941956
1132,1132,11.965825,90.178,11965825000,90178000000,True,1132,2.1939,2.193863636845941
1133,1133,11.965825,92.275,11965825000,92275000000,True,1133,2.1917,2.1916072789942787
1134,1134,11.965825,94.372,11965825000,94372000000,True,1134,2.1894,2.189415613172901
1135,1135,11.965825,96.469,11965825000,96469000000,True,1135,2.1873,2.1872854077066974
1136,1136,11.965825,98.566,11965825000,98566000000,True,1136,2.1853,2.1852136581944337
1137,1137,11.965825,100.663,11965825000,100663000000,True,1137,2.1833,2.1831975670893575
1138,1138,11.965825,102.76,11965825000,102760000000,True,1138,2.1811,2.1812345254965573
1139,1139,11.965825,104.858,11965825000,104858000000,True,1139,2.1794,2.179321196628773
1140,1140,11.965825,106.955,11965825000,106955000000,True,1140,2.1775,2.177457124876677
1141,1141,11.965825,109.052,11965825000,109052000000,True,1141,2.1756,2.1756392524889177
1142,1142,11.965825,111.149,11965825000,111149000000,True,1142,2.174,2.173865578533553
1143,1143,11.965825,113.246,11965825000,113246000000,True,1143,2.1721,2.172134224430581
1144,1144,11.965825,115.343,11965825000,115343000000,True,1144,2.1704,2.170443424367879
1145,1145,11.965825,117.441,11965825000,117441000000,True,1145,2.1688,2.16879073790364
1146,1146,11.965825,119.538,11965825000,119538000000,True,1146,2.1672,2.167176174433665
1147,1147,11.965825,121.635,11965825000,121635000000,True,1147,2.1655,2.165597460700791
1148,1148,11.965825,123.732,11965825000,123732000000,True,1148,2.1639,2.1640532029139847
1149,1149,11.965825,125.829,11965825000,125829000000,True,1149,2.1627,2.1625420839334524
1150,1150,11.965825,127.926,11965825000,127926000000,True,1150,2.161,2.1610628578606077
1151,1151,11.965825,130.023,11965825000,130023000000,True,1151,2.1595,2.1596143450914593
1152,1152,11.965825,132.121,11965825000,132121000000,True,1152,2.158,2.158194758034562
1153,1153,11.965825,134.218,11965825000,134218000000,True,1153,2.1568,2.1568043893302082
1154,1154,11.965825,136.315,11965825000,136315000000,True,1154,2.1553,2.155441548963519
1155,1155,11.965825,138.412,11965825000,138412000000,True,1155,2.1542,2.154105280815182
1156,1156,11.965825,140.509,11965825000,140509000000,True,1156,2.1529,2.1527946758234973
1157,1157,11.965825,142.606,11965825000,142606000000,True,1157,2.1515,2.1515088690068285
1158,1158,11.965825,144.703,11965825000,144703000000,True,1158,2.1504,2.1502470367151005
1159,1159,11.965825,146.801,11965825000,146801000000,True,1159,2.1491,2.149007808827473
1160,1160,11.965825,148.898,11965825000,148898000000,True,1160,2.1478,2.1477916179794887
1161,1161,11.965825,150.995,11965825000,150995000000,True,1161,2.1464,2.1465971538943096
1162,1162,11.965825,153.092,11965825000,153092000000,True,1162,2.1456,2.145423734678858
1163,1163,11.965825,155.189,11965825000,155189000000,True,1163,2.1442,2.1442707088104664
1164,1164,11.965825,157.286,11965825000,157286000000,True,1164,2.143,2.1431374533954513
1165,1165,11.965825,159.384,11965825000,159384000000,True,1165,2.1421,2.1420228457579618
1166,1166,11.965825,161.481,11965825000,161481000000,True,1166,2.1411,2.1409273778364426
1167,1167,11.965825,163.578,11965825000,163578000000,True,1167,2.1399,2.139849967556399
1168,1168,11.965825,165.675,11965825000,165675000000,True,1168,2.1388,2.1387900914235822
1169,1169,11.965825,167.772,11965825000,167772000000,True,1169,2.1378,2.137747247502589
1170,1170,11.965825,169.869,11965825000,169869000000,True,1170,2.1368,2.136720954272669
1171,1171,11.965825,171.966,11965825000,171966000000,True,1171,2.1358,2.1357107495575347
1172,1172,11.965825,174.064,11965825000,174064000000,True,1172,2.1347,2.1347157189095194
1173,1173,11.965825,176.161,11965825000,176161000000,True,1173,2.1337,2.1337363842851933
1174,1174,11.965825,178.258,11965825000,178258000000,True,1174,2.1328,2.13277185781524
1175,1175,11.965825,180.355,11965825000,180355000000,True,1175,2.1318,2.1318217452996855
1176,1176,11.965825,182.452,11965825000,182452000000,True,1176,2.1309,2.1308856674610097
1177,1177,11.965825,184.549,11965825000,184549000000,True,1177,2.1298,2.129963259215431
1178,1178,11.965825,186.647,11965825000,186647000000,True,1178,2.129,2.129053738590809
1179,1179,11.965825,188.744,11965825000,188744000000,True,1179,2.1281,2.1281576337794963
1180,1180,11.965825,190.841,11965825000,190841000000,True,1180,2.1272,2.127274181665465
1181,1181,11.965825,192.938,11965825000,192938000000,True,1181,2.1264,2.126403067482126
1182,1182,11.965825,195.035,11965825000,195035000000,True,1182,2.1256,2.1255439876066076
1183,1183,11.965825,197.132,11965825000,197132000000,True,1183,2.1248,2.1246966490504384
1184,1184,11.965825,199.229,11965825000,199229000000,True,1184,2.1238,2.123860768978649
1185,1185,11.965825,201.327,11965825000,201327000000,True,1185,2.123,2.1230356836077524
1186,1186,11.965825,203.424,11965825000,203424000000,True,1186,2.1223,2.122221915513502
1187,1187,11.965825,205.521,11965825000,205521000000,True,1187,2.1214,2.1214188137791683
1188,1188,11.965825,207.618,11965825000,207618000000,True,1188,2.1206,2.1206261318845767
1189,1189,11.965825,209.715,11965825000,209715000000,True,1189,2.1199,2.119843631423963
1190,1190,11.965825,211.812,11965825000,211812000000,True,1190,2.119,2.119071081760908
1191,1191,11.965825,213.91,11965825000,213910000000,True,1191,2.1183,2.118307898218801
1192,1192,11.965825,216.007,11965825000,216007000000,True,1192,2.1175,2.1175545921854577
1193,1193,11.965825,218.104,11965825000,218104000000,True,1193,2.1168,2.1168105883700155
1194,1194,11.965825,220.201,11965825000,220201000000,True,1194,2.1161,2.116075684108344
1195,1195,11.965825,222.298,11965825000,222298000000,True,1195,2.1152,2.115349683028263
1196,1196,11.965825,224.395,11965825000,224395000000,True,1196,2.1147,2.114632394797032
1197,1197,11.965825,226.492,11965825000,226492000000,True,1197,2.1139,2.113923634881226
1198,1198,11.965825,228.59,11965825000,228590000000,True,1198,2.1133,2.1132228922762013
1199,1199,11.965825,230.687,11965825000,230687000000,True,1199,2.1125,2.112530661315156
1200,1200,11.965825,232.784,11965825000,232784000000,True,1200,2.1119,2.111846437555852
1201,1201,11.965825,234.881,11965825000,234881000000,True,1201,2.1112,2.1111700574868255
1202,1202,11.965825,236.978,11965825000,236978000000,True,1202,2.1105,2.110501362357537
1203,1203,11.965825,239.075,11965825000,239075000000,True,1203,2.1099,2.109840197999073
1204,1204,11.965825,241.172,11965825000,241172000000,True,1204,2.1092,2.109186414653107
1205,1205,11.965825,243.27,11965825000,243270000000,True,1205,2.1085,2.1085395601916592
1206,1206,11.965825,245.367,11965825000,245367000000,True,1206,2.1079,2.1079001097791674
1207,1207,11.965825,247.464,11965825000,247464000000,True,1207,2.1072,2.107267615907331
1208,1208,11.965825,249.561,11965825000,249561000000,True,1208,2.1066,2.1066419449015923
1209,1209,11.965825,251.658,11965825000,251658000000,True,1209,2.1059,2.1060229667518278
1210,1210,11.965825,253.755,11965825000,253755000000,True,1210,2.1055,2.1054105549823556
1211,1211,11.965825,255.853,11965825000,255853000000,True,1211,2.1047,2.1048042990762297
1212,1212,11.965825,257.95,11965825000,257950000000,True,1212,2.1042,2.104204657149101
1213,1213,11.965825,260.047,11965825000,260047000000,True,1213,2.1036,2.1036112221099654
1214,1214,11.965825,262.144,11965825000,262144000000,True,1214,2.1031,2.1030238804310044
1215,1215,11.965825,264.241,11965825000,264241000000,True,1215,2.1024,2.10244252154792
1216,1216,11.965825,266.338,11965825000,266338000000,True,1216,2.102,2.1018670377597872
1217,1217,11.965825,268.435,11965825000,268435000000,True,1217,2.1013,2.101297324133048
1218,1218,11.965825,270.533,11965825000,270533000000,True,1218,2.1008,2.10073301076811
1219,1219,11.965825,272.63,11965825000,272630000000,True,1219,2.1001,2.100174535908324
1220,1220,11.965825,274.727,11965825000,274727000000,True,1220,2.0998,2.0996215320656066
1221,1221,11.965825,276.824,11965825000,276824000000,True,1221,2.099,2.0990739044929425
1222,1222,11.965825,278.921,11965825000,278921000000,True,1222,2.0986,2.098531560786055
1223,1223,11.965825,281.018,11965825000,281018000000,True,1223,2.098,2.097994410808385
1224,1224,11.965825,283.116,11965825000,283116000000,True,1224,2.0975,2.097462114106431
1225,1225,11.965825,285.213,11965825000,285213000000,True,1225,2.0969,2.0969350922645296
1226,1226,11.965825,287.31,11965825000,287310000000,True,1226,2.0964,2.0964130066020967
1227,1227,11.965825,289.407,11965825000,289407000000,True,1227,2.0959,2.095895775360983
1228,1228,11.965825,291.504,11965825000,291504000000,True,1228,2.0954,2.0953833187171202
1229,1229,11.965825,293.601,11965825000,293601000000,True,1229,2.0949,2.0948755587212484
1230,1230,11.965825,295.698,11965825000,295698000000,True,1230,2.0945,2.0943724192418633
1231,1231,11.965825,297.796,11965825000,297796000000,True,1231,2.0938,2.093873589218092
1232,1232,11.965825,299.893,11965825000,299893000000,True,1232,2.0933,2.093379471491827
