index,mixture_row_present,loss_row_present,join_status
1,yes,yes,matched_unique
2,yes,yes,matched_unique
3,yes,yes,matched_unique
4,yes,yes,matched_unique
5,yes,yes,matched_unique
6,yes,yes,matched_unique
7,yes,yes,matched_unique
8,yes,yes,matched_unique
9,yes,yes,matched_unique
10,yes,yes,matched_unique
11,yes,yes,matched_unique
12,yes,yes,matched_unique
13,yes,yes,matched_unique
14,yes,yes,matched_unique
15,yes,yes,matched_unique
16,yes,yes,matched_unique
17,yes,yes,matched_unique
18,yes,yes,matched_unique
19,yes,yes,matched_unique
20,yes,yes,matched_unique
21,yes,yes,matched_unique
22,yes,yes,matched_unique
23,yes,yes,matched_unique
24,yes,yes,matched_unique
25,yes,yes,matched_unique
26,yes,yes,matched_unique
27,yes,yes,matched_unique
28,yes,yes,matched_unique
29,yes,yes,matched_unique
30,yes,yes,matched_unique
31,yes,yes,matched_unique
32,yes,yes,matched_unique
33,yes,yes,matched_unique
34,yes,yes,matched_unique
35,yes,yes,matched_unique
36,yes,yes,matched_unique
37,yes,yes,matched_unique
38,yes,yes,matched_unique
39,yes,yes,matched_unique
40,yes,yes,matched_unique
41,yes,yes,matched_unique
42,yes,yes,matched_unique
43,yes,yes,matched_unique
44,yes,yes,matched_unique
45,yes,yes,matched_unique
46,yes,yes,matched_unique
47,yes,yes,matched_unique
48,yes,yes,matched_unique
49,yes,yes,matched_unique
50,yes,yes,matched_unique
51,yes,yes,matched_unique
52,yes,yes,matched_unique
53,yes,yes,matched_unique
54,yes,yes,matched_unique
55,yes,yes,matched_unique
56,yes,yes,matched_unique
57,yes,yes,matched_unique
58,yes,yes,matched_unique
59,yes,yes,matched_unique
60,yes,yes,matched_unique
61,yes,yes,matched_unique
62,yes,yes,matched_unique
63,yes,yes,matched_unique
64,yes,yes,matched_unique
65,yes,yes,matched_unique
66,yes,yes,matched_unique
67,yes,yes,matched_unique
68,yes,yes,matched_unique
69,yes,yes,matched_unique
70,yes,yes,matched_unique
71,yes,yes,matched_unique
72,yes,yes,matched_unique
73,yes,yes,matched_unique
74,yes,yes,matched_unique
75,yes,yes,matched_unique
76,yes,yes,matched_unique
77,yes,yes,matched_unique
78,yes,yes,matched_unique
79,yes,yes,matched_unique
80,yes,yes,matched_unique
81,yes,yes,matched_unique
82,yes,yes,matched_unique
83,yes,yes,matched_unique
84,yes,yes,matched_unique
85,yes,yes,matched_unique
86,yes,yes,matched_unique
87,yes,yes,matched_unique
88,yes,yes,matched_unique
89,yes,yes,matched_unique
90,yes,yes,matched_unique
91,yes,yes,matched_unique
92,yes,yes,matched_unique
93,yes,yes,matched_unique
94,yes,yes,matched_unique
95,yes,yes,matched_unique
96,yes,yes,matched_unique
97,yes,yes,matched_unique
98,yes,yes,matched_unique
99,yes,yes,matched_unique
100,yes,yes,matched_unique
101,yes,yes,matched_unique
102,yes,yes,matched_unique
103,yes,yes,matched_unique
104,yes,yes,matched_unique
105,yes,yes,matched_unique
106,yes,yes,matched_unique
107,yes,yes,matched_unique
108,yes,yes,matched_unique
109,yes,yes,matched_unique
110,yes,yes,matched_unique
111,yes,yes,matched_unique
112,yes,yes,matched_unique
113,yes,yes,matched_unique
114,yes,yes,matched_unique
115,yes,yes,matched_unique
116,yes,yes,matched_unique
117,yes,yes,matched_unique
118,yes,yes,matched_unique
119,yes,yes,matched_unique
120,yes,yes,matched_unique
121,yes,yes,matched_unique
122,yes,yes,matched_unique
123,yes,yes,matched_unique
124,yes,yes,matched_unique
125,yes,yes,matched_unique
126,yes,yes,matched_unique
127,yes,yes,matched_unique
128,yes,yes,matched_unique
129,yes,yes,matched_unique
130,yes,yes,matched_unique
131,yes,yes,matched_unique
132,yes,yes,matched_unique
133,yes,yes,matched_unique
134,yes,yes,matched_unique
135,yes,yes,matched_unique
136,yes,yes,matched_unique
137,yes,yes,matched_unique
138,yes,yes,matched_unique
139,yes,yes,matched_unique
140,yes,yes,matched_unique
141,yes,yes,matched_unique
142,yes,yes,matched_unique
143,yes,yes,matched_unique
144,yes,yes,matched_unique
145,yes,yes,matched_unique
146,yes,yes,matched_unique
147,yes,yes,matched_unique
148,yes,yes,matched_unique
149,yes,yes,matched_unique
150,yes,yes,matched_unique
151,yes,yes,matched_unique
152,yes,yes,matched_unique
153,yes,yes,matched_unique
154,yes,yes,matched_unique
155,yes,yes,matched_unique
156,yes,yes,matched_unique
157,yes,yes,matched_unique
158,yes,yes,matched_unique
159,yes,yes,matched_unique
160,yes,yes,matched_unique
161,yes,yes,matched_unique
162,yes,yes,matched_unique
163,yes,yes,matched_unique
164,yes,yes,matched_unique
165,yes,yes,matched_unique
166,yes,yes,matched_unique
167,yes,yes,matched_unique
168,yes,yes,matched_unique
169,yes,yes,matched_unique
170,yes,yes,matched_unique
171,yes,yes,matched_unique
172,yes,yes,matched_unique
173,yes,yes,matched_unique
174,yes,yes,matched_unique
175,yes,yes,matched_unique
176,yes,yes,matched_unique
177,yes,yes,matched_unique
178,yes,yes,matched_unique
179,yes,yes,matched_unique
180,yes,yes,matched_unique
181,yes,yes,matched_unique
182,yes,yes,matched_unique
183,yes,yes,matched_unique
184,yes,yes,matched_unique
185,yes,yes,matched_unique
186,yes,yes,matched_unique
187,yes,yes,matched_unique
188,yes,yes,matched_unique
189,yes,yes,matched_unique
190,yes,yes,matched_unique
191,yes,yes,matched_unique
192,yes,yes,matched_unique
193,yes,yes,matched_unique
194,yes,yes,matched_unique
195,yes,yes,matched_unique
196,yes,yes,matched_unique
197,yes,yes,matched_unique
198,yes,yes,matched_unique
199,yes,yes,matched_unique
200,yes,yes,matched_unique
201,yes,yes,matched_unique
202,yes,yes,matched_unique
203,yes,yes,matched_unique
204,yes,yes,matched_unique
205,yes,yes,matched_unique
206,yes,yes,matched_unique
207,yes,yes,matched_unique
208,yes,yes,matched_unique
209,yes,yes,matched_unique
210,yes,yes,matched_unique
211,yes,yes,matched_unique
212,yes,yes,matched_unique
213,yes,yes,matched_unique
214,yes,yes,matched_unique
215,yes,yes,matched_unique
216,yes,yes,matched_unique
217,yes,yes,matched_unique
218,yes,yes,matched_unique
219,yes,yes,matched_unique
220,yes,yes,matched_unique
221,yes,yes,matched_unique
222,yes,yes,matched_unique
223,yes,yes,matched_unique
224,yes,yes,matched_unique
225,yes,yes,matched_unique
226,yes,yes,matched_unique
227,yes,yes,matched_unique
228,yes,yes,matched_unique
229,yes,yes,matched_unique
230,yes,yes,matched_unique
231,yes,yes,matched_unique
232,yes,yes,matched_unique
233,yes,yes,matched_unique
234,yes,yes,matched_unique
235,yes,yes,matched_unique
236,yes,yes,matched_unique
237,yes,yes,matched_unique
238,yes,yes,matched_unique
239,yes,yes,matched_unique
240,yes,yes,matched_unique
241,yes,yes,matched_unique
242,yes,yes,matched_unique
243,yes,yes,matched_unique
244,yes,yes,matched_unique
245,yes,yes,matched_unique
246,yes,yes,matched_unique
247,yes,yes,matched_unique
248,yes,yes,matched_unique
249,yes,yes,matched_unique
250,yes,yes,matched_unique
251,yes,yes,matched_unique
252,yes,yes,matched_unique
253,yes,yes,matched_unique
254,yes,yes,matched_unique
255,yes,yes,matched_unique
256,yes,yes,matched_unique
257,yes,yes,matched_unique
258,yes,yes,matched_unique
259,yes,yes,matched_unique
260,yes,yes,matched_unique
261,yes,yes,matched_unique
262,yes,yes,matched_unique
263,yes,yes,matched_unique
264,yes,yes,matched_unique
265,yes,yes,matched_unique
266,yes,yes,matched_unique
267,yes,yes,matched_unique
268,yes,yes,matched_unique
269,yes,yes,matched_unique
270,yes,yes,matched_unique
271,yes,yes,matched_unique
272,yes,yes,matched_unique
273,yes,yes,matched_unique
274,yes,yes,matched_unique
275,yes,yes,matched_unique
276,yes,yes,matched_unique
277,yes,yes,matched_unique
278,yes,yes,matched_unique
279,yes,yes,matched_unique
280,yes,yes,matched_unique
281,yes,yes,matched_unique
282,yes,yes,matched_unique
283,yes,yes,matched_unique
284,yes,yes,matched_unique
285,yes,yes,matched_unique
286,yes,yes,matched_unique
287,yes,yes,matched_unique
288,yes,yes,matched_unique
289,yes,yes,matched_unique
290,yes,yes,matched_unique
291,yes,yes,matched_unique
292,yes,yes,matched_unique
293,yes,yes,matched_unique
294,yes,yes,matched_unique
295,yes,yes,matched_unique
296,yes,yes,matched_unique
297,yes,yes,matched_unique
298,yes,yes,matched_unique
299,yes,yes,matched_unique
300,yes,yes,matched_unique
301,yes,yes,matched_unique
302,yes,yes,matched_unique
303,yes,yes,matched_unique
304,yes,yes,matched_unique
305,yes,yes,matched_unique
306,yes,yes,matched_unique
307,yes,yes,matched_unique
308,yes,yes,matched_unique
309,yes,yes,matched_unique
310,yes,yes,matched_unique
311,yes,yes,matched_unique
312,yes,yes,matched_unique
313,yes,yes,matched_unique
314,yes,yes,matched_unique
315,yes,yes,matched_unique
316,yes,yes,matched_unique
317,yes,yes,matched_unique
318,yes,yes,matched_unique
319,yes,yes,matched_unique
320,yes,yes,matched_unique
321,yes,yes,matched_unique
322,yes,yes,matched_unique
323,yes,yes,matched_unique
324,yes,yes,matched_unique
325,yes,yes,matched_unique
326,yes,yes,matched_unique
327,yes,yes,matched_unique
328,yes,yes,matched_unique
329,yes,yes,matched_unique
330,yes,yes,matched_unique
331,yes,yes,matched_unique
332,yes,yes,matched_unique
333,yes,yes,matched_unique
334,yes,yes,matched_unique
335,yes,yes,matched_unique
336,yes,yes,matched_unique
337,yes,yes,matched_unique
338,yes,yes,matched_unique
339,yes,yes,matched_unique
340,yes,yes,matched_unique
341,yes,yes,matched_unique
342,yes,yes,matched_unique
343,yes,yes,matched_unique
344,yes,yes,matched_unique
345,yes,yes,matched_unique
346,yes,yes,matched_unique
347,yes,yes,matched_unique
348,yes,yes,matched_unique
349,yes,yes,matched_unique
350,yes,yes,matched_unique
351,yes,yes,matched_unique
352,yes,yes,matched_unique
353,yes,yes,matched_unique
354,yes,yes,matched_unique
355,yes,yes,matched_unique
356,yes,yes,matched_unique
357,yes,yes,matched_unique
358,yes,yes,matched_unique
359,yes,yes,matched_unique
360,yes,yes,matched_unique
361,yes,yes,matched_unique
362,yes,yes,matched_unique
363,yes,yes,matched_unique
364,yes,yes,matched_unique
365,yes,yes,matched_unique
366,yes,yes,matched_unique
367,yes,yes,matched_unique
368,yes,yes,matched_unique
369,yes,yes,matched_unique
370,yes,yes,matched_unique
371,yes,yes,matched_unique
372,yes,yes,matched_unique
373,yes,yes,matched_unique
374,yes,yes,matched_unique
375,yes,yes,matched_unique
376,yes,yes,matched_unique
377,yes,yes,matched_unique
378,yes,yes,matched_unique
379,yes,yes,matched_unique
380,yes,yes,matched_unique
381,yes,yes,matched_unique
382,yes,yes,matched_unique
383,yes,yes,matched_unique
384,yes,yes,matched_unique
385,yes,yes,matched_unique
386,yes,yes,matched_unique
387,yes,yes,matched_unique
388,yes,yes,matched_unique
389,yes,yes,matched_unique
390,yes,yes,matched_unique
391,yes,yes,matched_unique
392,yes,yes,matched_unique
393,yes,yes,matched_unique
394,yes,yes,matched_unique
395,yes,yes,matched_unique
396,yes,yes,matched_unique
397,yes,yes,matched_unique
398,yes,yes,matched_unique
399,yes,yes,matched_unique
400,yes,yes,matched_unique
401,yes,yes,matched_unique
402,yes,yes,matched_unique
403,yes,yes,matched_unique
404,yes,yes,matched_unique
405,yes,yes,matched_unique
406,yes,yes,matched_unique
407,yes,yes,matched_unique
408,yes,yes,matched_unique
409,yes,yes,matched_unique
410,yes,yes,matched_unique
411,yes,yes,matched_unique
412,yes,yes,matched_unique
413,yes,yes,matched_unique
414,yes,yes,matched_unique
415,yes,yes,matched_unique
416,yes,yes,matched_unique
417,yes,yes,matched_unique
418,yes,yes,matched_unique
419,yes,yes,matched_unique
420,yes,yes,matched_unique
421,yes,yes,matched_unique
422,yes,yes,matched_unique
423,yes,yes,matched_unique
424,yes,yes,matched_unique
425,yes,yes,matched_unique
426,yes,yes,matched_unique
427,yes,yes,matched_unique
428,yes,yes,matched_unique
429,yes,yes,matched_unique
430,yes,yes,matched_unique
431,yes,yes,matched_unique
432,yes,yes,matched_unique
433,yes,yes,matched_unique
434,yes,yes,matched_unique
435,yes,yes,matched_unique
436,yes,yes,matched_unique
437,yes,yes,matched_unique
438,yes,yes,matched_unique
439,yes,yes,matched_unique
440,yes,yes,matched_unique
441,yes,yes,matched_unique
442,yes,yes,matched_unique
443,yes,yes,matched_unique
444,yes,yes,matched_unique
445,yes,yes,matched_unique
446,yes,yes,matched_unique
447,yes,yes,matched_unique
448,yes,yes,matched_unique
449,yes,yes,matched_unique
450,yes,yes,matched_unique
451,yes,yes,matched_unique
452,yes,yes,matched_unique
453,yes,yes,matched_unique
454,yes,yes,matched_unique
455,yes,yes,matched_unique
456,yes,yes,matched_unique
457,yes,yes,matched_unique
458,yes,yes,matched_unique
459,yes,yes,matched_unique
460,yes,yes,matched_unique
461,yes,yes,matched_unique
462,yes,yes,matched_unique
463,yes,yes,matched_unique
464,yes,yes,matched_unique
465,yes,yes,matched_unique
466,yes,yes,matched_unique
467,yes,yes,matched_unique
468,yes,yes,matched_unique
469,yes,yes,matched_unique
470,yes,yes,matched_unique
471,yes,yes,matched_unique
472,yes,yes,matched_unique
473,yes,yes,matched_unique
474,yes,yes,matched_unique
475,yes,yes,matched_unique
476,yes,yes,matched_unique
477,yes,yes,matched_unique
478,yes,yes,matched_unique
479,yes,yes,matched_unique
480,yes,yes,matched_unique
481,yes,yes,matched_unique
482,yes,yes,matched_unique
483,yes,yes,matched_unique
484,yes,yes,matched_unique
485,yes,yes,matched_unique
486,yes,yes,matched_unique
487,yes,yes,matched_unique
488,yes,yes,matched_unique
489,yes,yes,matched_unique
490,yes,yes,matched_unique
491,yes,yes,matched_unique
492,yes,yes,matched_unique
493,yes,yes,matched_unique
494,yes,yes,matched_unique
495,yes,yes,matched_unique
496,yes,yes,matched_unique
497,yes,yes,matched_unique
498,yes,yes,matched_unique
499,yes,yes,matched_unique
500,yes,yes,matched_unique
501,yes,yes,matched_unique
502,yes,yes,matched_unique
503,yes,yes,matched_unique
504,yes,yes,matched_unique
505,yes,yes,matched_unique
506,yes,yes,matched_unique
507,yes,yes,matched_unique
508,yes,yes,matched_unique
509,yes,yes,matched_unique
510,yes,yes,matched_unique
511,yes,yes,matched_unique
512,yes,yes,matched_unique
