budget_flops,context_length_tokens,g_function,beta_Q_segment,beta_Q_lower,beta_Q_lower_inclusive,beta_Q_upper,beta_Q_upper_exclusive,beta_Q_units,selected_run_id,selected_N_B,selected_D_B,selected_Q,Q_increment_from_Q0,M0_base_loss,conditional_loss_at_segment_start,C_train_flops,C_Q_flops,C_attn_flops,C_total_flops,budget_utilization,is_fixed_Q0_baseline,p_setting,conditional_assumption
10000000000000000000,2048,exponential,1,0.0,False,0.45370075185340486,True,validation-loss units per one Q-score unit,169,0.162405,8.389,0.5926131136810068,0.09413500883336035,3.030397627156985,3.030397627156985,8174493270000000000,1.2674613227679992e+18,5.58045407232e+17,1e+19,1.0,False,p excluded from model and decision variables; no p vector assigned,"L_cond = L_M0(N,D) - beta_Q*(Q-Q0), beta_Q >= 0"
10000000000000000000,2048,exponential,2,0.45370075185340486,True,0.4715773750859839,True,validation-loss units per one Q-score unit,168,0.162405,6.291,0.7190585219032221,0.22058041705557563,3.0877660039358146,2.9876885028735622,6130139130000000000,3.4513767053919995e+18,4.18484164608e+17,1e+19,1.0,False,p excluded from model and decision variables; no p vector assigned,"L_cond = L_M0(N,D) - beta_Q*(Q-Q0), beta_Q >= 0"
10000000000000000000,2048,exponential,3,0.4715773750859839,True,2.0616426417199283,True,validation-loss units per one Q-score unit,320,0.409009,2.097,0.9096585520157575,0.4111804471681111,3.1776486658275935,2.983745269865375,5146151238000000000,4.5025381708191985e+18,3.513105911808e+17,9.999999999999998e+18,0.9999999999999998,False,p excluded from model and decision variables; no p vector assigned,"L_cond = L_M0(N,D) - beta_Q*(Q-Q0), beta_Q >= 0"
10000000000000000000,2048,exponential,4,2.0616426417199283,True,6.811469581689356,True,validation-loss units per one Q-score unit,166,0.162405,2.097,0.9954989918376115,0.49702088698996505,3.354620976948321,2.3299415225043476,2043379710000000000,7.817125568463998e+18,1.39494721536e+17,9.999999999999998e+18,0.9999999999999998,False,p excluded from model and decision variables; no p vector assigned,"L_cond = L_M0(N,D) - beta_Q*(Q-Q0), beta_Q >= 0"
10000000000000000000,2048,exponential,5,6.811469581689356,True,Infinity,True,validation-loss units per one Q-score unit,319,0.409009,1.074,1.0,0.5015218951523536,3.385279457133366,-0.03082167624808907,2635653996000000000,4.1190674165064724e+18,1.799273127936e+17,6.934648725300072e+18,0.6934648725300072,False,p excluded from model and decision variables; no p vector assigned,"L_cond = L_M0(N,D) - beta_Q*(Q-Q0), beta_Q >= 0"
10000000000000000000,2048,power4,1,0.0,False,0.5140038299743166,True,validation-loss units per one Q-score unit,169,0.162405,8.389,0.5506801652624685,0.052202060414822116,3.030397627156985,3.030397627156985,8174493270000000000,1.2674613227679997e+18,5.58045407232e+17,1e+19,1.0,False,p excluded from model and decision variables; no p vector assigned,"L_cond = L_M0(N,D) - beta_Q*(Q-Q0), beta_Q >= 0"
10000000000000000000,2048,power4,2,0.5140038299743166,True,1.2750495625064333,True,validation-loss units per one Q-score unit,320,0.409009,2.097,0.8371586506036507,0.33868054575600426,3.1776486658275935,3.0035655681712154,5146151238000000000,4.5025381708191985e+18,3.513105911808e+17,9.999999999999998e+18,0.9999999999999998,False,p excluded from model and decision variables; no p vector assigned,"L_cond = L_M0(N,D) - beta_Q*(Q-Q0), beta_Q >= 0"
10000000000000000000,2048,power4,3,1.2750495625064333,True,Infinity,True,validation-loss units per one Q-score unit,319,0.409009,1.074,1.0,0.5015218951523536,3.385279457133366,2.74581418413196,2635653996000000000,5.038442669605427e+18,1.799273127936e+17,7.854023978399027e+18,0.7854023978399027,False,p excluded from model and decision variables; no p vector assigned,"L_cond = L_M0(N,D) - beta_Q*(Q-Q0), beta_Q >= 0"
10000000000000000000,2048,logarithmic,1,0.0,False,0.32217727932277207,True,validation-loss units per one Q-score unit,169,0.162405,8.389,0.545440476311753,0.046962371464106534,3.030397627156985,3.030397627156985,8174493270000000000,1.2674613227679997e+18,5.58045407232e+17,1e+19,1.0,False,p excluded from model and decision variables; no p vector assigned,"L_cond = L_M0(N,D) - beta_Q*(Q-Q0), beta_Q >= 0"
10000000000000000000,2048,logarithmic,2,0.32217727932277207,True,Infinity,True,validation-loss units per one Q-score unit,167,0.162405,4.194,1.0,0.5015218951523536,3.1768463777891194,3.0152674180881336,4086759420000000000,5.1055702436139e+18,2.78989443072e+17,9.471319106685899e+18,0.9471319106685899,False,p excluded from model and decision variables; no p vector assigned,"L_cond = L_M0(N,D) - beta_Q*(Q-Q0), beta_Q >= 0"
10000000000000000000000,2048,exponential,1,0.0,False,0.005721811554441557,True,validation-loss units per one Q-score unit,1043,6.86104,226.492,0.6036908495074896,0.1052127446598432,2.1456111666541906,2.1456111666541906,9323824030080000000000,3.966958279987199e+19,6.36506387120128e+20,1e+22,1.0,False,p excluded from model and decision variables; no p vector assigned,"L_cond = L_M0(N,D) - beta_Q*(Q-Q0), beta_Q >= 0"
10000000000000000000000,2048,exponential,2,0.005721811554441557,True,0.010053492068606873,True,validation-loss units per one Q-score unit,1042,6.86104,224.395,0.7275606954579451,0.22908259061029868,2.146319926569997,2.1450091591561216,9237498424800000000000,1.3188834940031993e+20,6.3061322579968e+20,1e+22,1.0,False,p excluded from model and decision variables; no p vector assigned,"L_cond = L_M0(N,D) - beta_Q*(Q-Q0), beta_Q >= 0"
10000000000000000000000,2048,exponential,3,0.010053492068606873,True,0.014342674073447905,True,validation-loss units per one Q-score unit,1041,6.86104,222.298,0.7989078677972952,0.30042976294964874,2.147037214801228,2.1440168465622405,9151172819520000000000,2.241071160007679e+20,6.24720064479232e+20,1e+22,1.0,False,p excluded from model and decision variables; no p vector assigned,"L_cond = L_M0(N,D) - beta_Q*(Q-Q0), beta_Q >= 0"
10000000000000000000000,2048,exponential,4,0.014342674073447905,True,0.018634936853974028,True,validation-loss units per one Q-score unit,1040,6.86104,220.201,0.8495261190636135,0.3510480142159671,2.1477632158813087,2.142728248629278,9064847214240000000000,3.16325882601216e+20,6.18826903158784e+20,1e+22,1.0,False,p excluded from model and decision variables; no p vector assigned,"L_cond = L_M0(N,D) - beta_Q*(Q-Q0), beta_Q >= 0"
10000000000000000000000,2048,exponential,5,0.018634936853974028,True,0.02294179328226153,True,validation-loss units per one Q-score unit,1039,6.86104,218.104,0.888963025527539,0.3904849206798926,2.14849812014298,2.141221458303681,8978521608960000000000,4.085446492016639e+20,6.12933741838336e+20,1e+22,1.0,False,p excluded from model and decision variables; no p vector assigned,"L_cond = L_M0(N,D) - beta_Q*(Q-Q0), beta_Q >= 0"
10000000000000000000000,2048,exponential,6,0.02294179328226153,True,0.02726777052999198,True,validation-loss units per one Q-score unit,1038,6.86104,216.007,0.9213930891362772,0.4229149842886307,2.1492421239584223,2.1395396958129016,8892196003680000000000,5.0076341580211185e+20,6.07040580517888e+20,1e+22,1.0,False,p excluded from model and decision variables; no p vector assigned,"L_cond = L_M0(N,D) - beta_Q*(Q-Q0), beta_Q >= 0"
10000000000000000000000,2048,exponential,7,0.02726777052999198,True,0.03161618134401467,True,validation-loss units per one Q-score unit,1037,6.86104,213.91,0.9490193313519563,0.45054122650430983,2.1499954299917654,2.1377101752131447,8805870398400000000000,5.929821824025598e+20,6.0114741919744e+20,1e+22,1.0,False,p excluded from model and decision variables; no p vector assigned,"L_cond = L_M0(N,D) - beta_Q*(Q-Q0), beta_Q >= 0"
10000000000000000000000,2048,exponential,8,0.03161618134401467,True,0.03598756175946516,True,validation-loss units per one Q-score unit,1036,6.86104,211.812,0.9731583484522072,0.47468024360456074,2.150758613533873,2.1357510368716506,8719503626880000000000,6.852449255249919e+20,5.95251447595008e+20,1e+22,1.0,False,p excluded from model and decision variables; no p vector assigned,"L_cond = L_M0(N,D) - beta_Q*(Q-Q0), beta_Q >= 0"
10000000000000000000000,2048,exponential,9,0.03598756175946516,True,0.14559443831660476,True,validation-loss units per one Q-score unit,1035,6.86104,209.715,0.9946254783516366,0.4961473735039902,2.1515311631969274,2.133676028951156,8633178021600000000000,7.7746369212544e+20,5.8935828627456e+20,1e+22,1.0,False,p excluded from model and decision variables; no p vector assigned,"L_cond = L_M0(N,D) - beta_Q*(Q-Q0), beta_Q >= 0"
10000000000000000000000,2048,exponential,10,0.14559443831660476,True,Infinity,True,validation-loss units per one Q-score unit,1034,6.86104,207.618,1.0,0.5015218951523536,2.1523136636575413,2.0792948650293552,8546852416320000000000,7.962686581752707e+20,5.83465124954112e+20,9.926586199449383e+21,0.9926586199449383,False,p excluded from model and decision variables; no p vector assigned,"L_cond = L_M0(N,D) - beta_Q*(Q-Q0), beta_Q >= 0"
10000000000000000000000,2048,power4,1,0.0,False,0.007623748710178025,True,validation-loss units per one Q-score unit,1043,6.86104,226.492,0.5577473631334012,0.0592692582857548,2.1456111666541906,2.1456111666541906,9323824030080000000000,3.966958279987198e+19,6.36506387120128e+20,1e+22,1.0,False,p excluded from model and decision variables; no p vector assigned,"L_cond = L_M0(N,D) - beta_Q*(Q-Q0), beta_Q >= 0"
10000000000000000000000,2048,power4,2,0.007623748710178025,True,0.010923900819287407,True,validation-loss units per one Q-score unit,1042,6.86104,224.395,0.6507147395187204,0.15223663467107396,2.146319926569997,2.1451593127227815,9237498424800000000000,1.3188834940031993e+20,6.3061322579968e+20,1e+22,1.0,False,p excluded from model and decision variables; no p vector assigned,"L_cond = L_M0(N,D) - beta_Q*(Q-Q0), beta_Q >= 0"
10000000000000000000000,2048,power4,3,0.010923900819287407,True,0.013891955017425557,True,validation-loss units per one Q-score unit,1041,6.86104,222.298,0.7163770192388665,0.2178989143912201,2.147037214801228,2.144656908671788,9151172819520000000000,2.241071160007679e+20,6.24720064479232e+20,1e+22,1.0,False,p excluded from model and decision variables; no p vector assigned,"L_cond = L_M0(N,D) - beta_Q*(Q-Q0), beta_Q >= 0"
10000000000000000000000,2048,power4,4,0.013891955017425557,True,0.016654082464702215,True,validation-loss units per one Q-score unit,1040,6.86104,220.201,0.7686375599021517,0.2701594550545052,2.1477632158813087,2.144010172884159,9064847214240000000000,3.16325882601216e+20,6.18826903158784e+20,1e+22,1.0,False,p excluded from model and decision variables; no p vector assigned,"L_cond = L_M0(N,D) - beta_Q*(Q-Q0), beta_Q >= 0"
10000000000000000000000,2048,power4,5,0.016654082464702215,True,0.019268737596910716,True,validation-loss units per one Q-score unit,1039,6.86104,218.104,0.8127651342208773,0.31428702937323083,2.14849812014298,2.143263958038212,8978521608960000000000,4.085446492016639e+20,6.12933741838336e+20,1e+22,1.0,False,p excluded from model and decision variables; no p vector assigned,"L_cond = L_M0(N,D) - beta_Q*(Q-Q0), beta_Q >= 0"
10000000000000000000000,2048,power4,6,0.019268737596910716,True,0.021769672083351642,True,validation-loss units per one Q-score unit,1038,6.86104,216.007,0.8513770988968374,0.352898994049191,2.1492421239584223,2.142442205843875,8892196003680000000000,5.00763415802112e+20,6.07040580517888e+20,1e+22,1.0,False,p excluded from model and decision variables; no p vector assigned,"L_cond = L_M0(N,D) - beta_Q*(Q-Q0), beta_Q >= 0"
10000000000000000000000,2048,power4,7,0.021769672083351642,True,0.024179335842914696,True,validation-loss units per one Q-score unit,1037,6.86104,213.91,0.885980561478123,0.38750245663047655,2.1499954299917654,2.1415596285794267,8805870398400000000000,5.929821824025598e+20,6.0114741919744e+20,1e+22,1.0,False,p excluded from model and decision variables; no p vector assigned,"L_cond = L_M0(N,D) - beta_Q*(Q-Q0), beta_Q >= 0"
10000000000000000000000,2048,power4,8,0.024179335842914696,True,0.02651249514535447,True,validation-loss units per one Q-score unit,1036,6.86104,211.812,0.917544023231827,0.4190659183841806,2.150758613533873,2.140625877952943,8719503626880000000000,6.852449255249919e+20,5.95251447595008e+20,1e+22,1.0,False,p excluded from model and decision variables; no p vector assigned,"L_cond = L_M0(N,D) - beta_Q*(Q-Q0), beta_Q >= 0"
10000000000000000000000,2048,power4,9,0.02651249514535447,True,0.028779830197106983,True,validation-loss units per one Q-score unit,1035,6.86104,209.715,0.9466831011955827,0.4482049963479363,2.1515311631969274,2.1396481304071293,8633178021600000000000,7.774636921254398e+20,5.8935828627456e+20,1e+22,1.0,False,p excluded from model and decision variables; no p vector assigned,"L_cond = L_M0(N,D) - beta_Q*(Q-Q0), beta_Q >= 0"
10000000000000000000000,2048,power4,10,0.028779830197106983,True,0.03099053540609128,True,validation-loss units per one Q-score unit,1034,6.86104,207.618,0.9738722977702227,0.47539419292257623,2.1523136636575413,2.138631899508539,8546852416320000000000,8.69682458725888e+20,5.83465124954112e+20,1e+22,1.0,False,p excluded from model and decision variables; no p vector assigned,"L_cond = L_M0(N,D) - beta_Q*(Q-Q0), beta_Q >= 0"
10000000000000000000000,2048,power4,11,0.03099053540609128,True,1.461488969253414,True,validation-loss units per one Q-score unit,1033,6.86104,205.521,0.9994504907315558,0.5009723858839094,2.1531063455521333,2.137580943089924,8460526811040000000000,9.619012253263359e+20,5.77571963633664e+20,1e+22,1.0,False,p excluded from model and decision variables; no p vector assigned,"L_cond = L_M0(N,D) - beta_Q*(Q-Q0), beta_Q >= 0"
10000000000000000000000,2048,power4,12,1.461488969253414,True,Infinity,True,validation-loss units per one Q-score unit,1032,6.86104,203.424,1.0,0.5015218951523536,2.153909447286467,1.420940729682235,8374201205760000000000,9.543204484374435e+20,5.71678802313216e+20,9.900200456510658e+21,0.9900200456510658,False,p excluded from model and decision variables; no p vector assigned,"L_cond = L_M0(N,D) - beta_Q*(Q-Q0), beta_Q >= 0"
10000000000000000000000,2048,logarithmic,1,0.0,False,0.004225399461298301,True,validation-loss units per one Q-score unit,1043,6.86104,226.492,0.5532525820575829,0.054774477209936445,2.1456111666541906,2.1456111666541906,9323824030080000000000,3.966958279987197e+19,6.36506387120128e+20,1e+22,1.0,False,p excluded from model and decision variables; no p vector assigned,"L_cond = L_M0(N,D) - beta_Q*(Q-Q0), beta_Q >= 0"
10000000000000000000000,2048,logarithmic,2,0.004225399461298301,True,0.006645127918696205,True,validation-loss units per one Q-score unit,1041,6.86104,222.298,0.8907468616160004,0.39226875676835393,2.147037214801228,2.1453797226076947,9151172819520000000000,2.2410711600076787e+20,6.24720064479232e+20,1e+22,1.0,False,p excluded from model and decision variables; no p vector assigned,"L_cond = L_M0(N,D) - beta_Q*(Q-Q0), beta_Q >= 0"
10000000000000000000000,2048,logarithmic,3,0.006645127918696205,True,Infinity,True,validation-loss units per one Q-score unit,1040,6.86104,220.201,1.0,0.5015218951523536,2.1477632158813087,2.144430538733994,9064847214240000000000,2.6806191540630048e+20,6.18826903158784e+20,9.951736032805085e+21,0.9951736032805085,False,p excluded from model and decision variables; no p vector assigned,"L_cond = L_M0(N,D) - beta_Q*(Q-Q0), beta_Q >= 0"
1000000000000000000000000,2048,exponential,1,0.0,False,Infinity,True,validation-loss units per one Q-score unit,1232,11.965825,299.893,1.0,0.5015218951523536,2.093379471491827,2.093379471491827,21530802940350000000000,1.1501671180059362e+21,1.46983614739456e+21,2.4150806205750495e+22,0.024150806205750497,False,p excluded from model and decision variables; no p vector assigned,"L_cond = L_M0(N,D) - beta_Q*(Q-Q0), beta_Q >= 0"
1000000000000000000000000,2048,power4,1,0.0,False,Infinity,True,validation-loss units per one Q-score unit,1232,11.965825,299.893,1.0,0.5015218951523536,2.093379471491827,2.093379471491827,21530802940350000000000,1.4068842528081754e+21,1.46983614739456e+21,2.440752334055274e+22,0.02440752334055274,False,p excluded from model and decision variables; no p vector assigned,"L_cond = L_M0(N,D) - beta_Q*(Q-Q0), beta_Q >= 0"
1000000000000000000000000,2048,logarithmic,1,0.0,False,Infinity,True,validation-loss units per one Q-score unit,1232,11.965825,299.893,1.0,0.5015218951523536,2.093379471491827,2.093379471491827,21530802940350000000000,3.6507505414117864e+20,1.46983614739456e+21,2.336571414188574e+22,0.023365714141885742,False,p excluded from model and decision variables; no p vector assigned,"L_cond = L_M0(N,D) - beta_Q*(Q-Q0), beta_Q >= 0"
10000000000000000000,4096,exponential,1,0.0,False,0.3928412331553885,True,validation-loss units per one Q-score unit,169,0.162405,8.389,0.5574934718391918,0.059015366991545415,3.030397627156985,3.030397627156985,8174493270000000000,7.094159155359991e+17,1.116090814464e+18,1e+19,1.0,False,p excluded from model and decision variables; no p vector assigned,"L_cond = L_M0(N,D) - beta_Q*(Q-Q0), beta_Q >= 0"
10000000000000000000,4096,exponential,2,0.3928412331553885,True,0.463830807927354,True,validation-loss units per one Q-score unit,168,0.162405,6.291,0.7035279812974637,0.20504987644981731,3.0877660039358146,3.007213957612908,6130139130000000000,3.0328925407839974e+18,8.36968329216e+17,9.999999999999998e+18,0.9999999999999998,False,p excluded from model and decision variables; no p vector assigned,"L_cond = L_M0(N,D) - beta_Q*(Q-Q0), beta_Q >= 0"
10000000000000000000,4096,exponential,3,0.463830807927354,True,1.8562202761573439,True,validation-loss units per one Q-score unit,320,0.409009,2.097,0.8973112754547086,0.39883317060706214,3.1776486658275935,2.9926575540766915,5146151238000000000,4.151227579638397e+18,7.026211823616e+17,9.999999999999996e+18,0.9999999999999996,False,p excluded from model and decision variables; no p vector assigned,"L_cond = L_M0(N,D) - beta_Q*(Q-Q0), beta_Q >= 0"
10000000000000000000,4096,exponential,4,1.8562202761573439,True,4.1720283333595996,True,validation-loss units per one Q-score unit,166,0.162405,2.097,0.9926514209072121,0.4941733160595657,3.354620976948321,2.4373264477426435,2043379710000000000,7.677630846927997e+18,2.78989443072e+17,9.999999999999996e+18,0.9999999999999996,False,p excluded from model and decision variables; no p vector assigned,"L_cond = L_M0(N,D) - beta_Q*(Q-Q0), beta_Q >= 0"
10000000000000000000,4096,exponential,5,4.1720283333595996,True,Infinity,True,validation-loss units per one Q-score unit,319,0.409009,1.074,1.0,0.5015218951523536,3.385279457133366,1.2929159007575444,2635653996000000000,4.1190674165064724e+18,3.598546255872e+17,7.114576038093672e+18,0.7114576038093673,False,p excluded from model and decision variables; no p vector assigned,"L_cond = L_M0(N,D) - beta_Q*(Q-Q0), beta_Q >= 0"
10000000000000000000,4096,power4,1,0.0,False,0.5027001886569791,True,validation-loss units per one Q-score unit,169,0.162405,8.389,0.5295808903478467,0.031102785500200292,3.030397627156985,3.030397627156985,8174493270000000000,7.094159155359977e+17,1.116090814464e+18,9.999999999999998e+18,0.9999999999999998,False,p excluded from model and decision variables; no p vector assigned,"L_cond = L_M0(N,D) - beta_Q*(Q-Q0), beta_Q >= 0"
10000000000000000000,4096,power4,2,0.5027001886569791,True,1.169758107704894,True,validation-loss units per one Q-score unit,320,0.409009,2.097,0.8225010880983323,0.3240229832506859,3.1776486658275935,3.0147622510182766,5146151238000000000,4.1512275796384e+18,7.026211823616e+17,1e+19,1.0,False,p excluded from model and decision variables; no p vector assigned,"L_cond = L_M0(N,D) - beta_Q*(Q-Q0), beta_Q >= 0"
10000000000000000000,4096,power4,3,1.169758107704894,True,Infinity,True,validation-loss units per one Q-score unit,319,0.409009,1.074,1.0,0.5015218951523536,3.385279457133366,2.7986201540873767,2635653996000000000,5.038442669605427e+18,3.598546255872e+17,8.033951291192627e+18,0.8033951291192627,False,p excluded from model and decision variables; no p vector assigned,"L_cond = L_M0(N,D) - beta_Q*(Q-Q0), beta_Q >= 0"
10000000000000000000,4096,logarithmic,1,0.0,False,0.30787621041925833,True,validation-loss units per one Q-score unit,169,0.162405,8.389,0.5243258632009786,0.025847758353332195,3.030397627156985,3.030397627156985,8174493270000000000,7.094159155359956e+17,1.116090814464e+18,9.999999999999996e+18,0.9999999999999996,False,p excluded from model and decision variables; no p vector assigned,"L_cond = L_M0(N,D) - beta_Q*(Q-Q0), beta_Q >= 0"
10000000000000000000,4096,logarithmic,2,0.30787621041925833,True,Infinity,True,validation-loss units per one Q-score unit,167,0.162405,4.194,1.0,0.5015218951523536,3.1768463777891194,3.022439717267328,4086759420000000000,5.1055702436139e+18,5.57978886144e+17,9.750308549757899e+18,0.9750308549757899,False,p excluded from model and decision variables; no p vector assigned,"L_cond = L_M0(N,D) - beta_Q*(Q-Q0), beta_Q >= 0"
10000000000000000000000,4096,exponential,1,0.0,False,0.00822715937738086,True,validation-loss units per one Q-score unit,1036,6.86104,211.812,0.688901888343964,0.1904237834963176,2.150758613533873,2.150758613533873,8719503626880000000000,8.999347792998398e+19,1.190502895190016e+21,1e+22,1.0,False,p excluded from model and decision variables; no p vector assigned,"L_cond = L_M0(N,D) - beta_Q*(Q-Q0), beta_Q >= 0"
10000000000000000000000,4096,exponential,2,0.00822715937738086,True,0.01288938561721139,True,validation-loss units per one Q-score unit,1035,6.86104,209.715,0.7828042460858317,0.2843261412381852,2.1515311631969274,2.149191966717805,8633178021600000000000,1.8810540585087985e+20,1.17871657254912e+21,1e+22,1.0,False,p excluded from model and decision variables; no p vector assigned,"L_cond = L_M0(N,D) - beta_Q*(Q-Q0), beta_Q >= 0"
10000000000000000000000,4096,exponential,3,0.01288938561721139,True,0.017538325511271435,True,validation-loss units per one Q-score unit,1034,6.86104,207.618,0.8435131490430847,0.3450350441954383,2.1523136636575413,2.1478663739214547,8546852416320000000000,2.862173337717758e+20,1.166930249908224e+21,1e+22,1.0,False,p excluded from model and decision variables; no p vector assigned,"L_cond = L_M0(N,D) - beta_Q*(Q-Q0), beta_Q >= 0"
10000000000000000000000,4096,exponential,4,0.017538325511271435,True,0.02219933835505522,True,validation-loss units per one Q-score unit,1033,6.86104,205.521,0.8887102742807588,0.39023216943311234,2.1531063455521333,2.1462623267396457,8460526811040000000000,3.843292616926719e+20,1.155143927267328e+21,1e+22,1.0,False,p excluded from model and decision variables; no p vector assigned,"L_cond = L_M0(N,D) - beta_Q*(Q-Q0), beta_Q >= 0"
10000000000000000000000,4096,exponential,5,0.02219933835505522,True,0.026880518416146724,True,validation-loss units per one Q-score unit,1032,6.86104,203.424,0.9248871062875943,0.42640900143994787,2.153909447286467,2.1444434495858604,8374201205760000000000,4.824411896135679e+20,1.143357604626432e+21,1e+22,1.0,False,p excluded from model and decision variables; no p vector assigned,"L_cond = L_M0(N,D) - beta_Q*(Q-Q0), beta_Q >= 0"
10000000000000000000000,4096,exponential,6,0.026880518416146724,True,0.03158658743041503,True,validation-loss units per one Q-score unit,1031,6.86104,201.327,0.9551606330720167,0.4566825282243703,2.1547232153807174,2.14244735227045,8287875600480000000000,5.805531175344638e+20,1.131571281985536e+21,1e+22,1.0,False,p excluded from model and decision variables; no p vector assigned,"L_cond = L_M0(N,D) - beta_Q*(Q-Q0), beta_Q >= 0"
10000000000000000000000,4096,exponential,7,0.03158658743041503,True,0.04465652430683149,True,validation-loss units per one Q-score unit,1030,6.86104,199.229,0.9812820167990065,0.4828039119513601,2.1555483007516134,2.140298172775015,8201508828960000000000,6.787118322593277e+20,1.119779338780672e+21,1e+22,1.0,False,p excluded from model and decision variables; no p vector assigned,"L_cond = L_M0(N,D) - beta_Q*(Q-Q0), beta_Q >= 0"
10000000000000000000000,4096,exponential,8,0.04465652430683149,True,Infinity,True,validation-loss units per one Q-score unit,1029,6.86104,197.132,1.0,0.5015218951523536,2.1563841808234034,2.133987956122124,8115183223680000000000,7.560521396189515e+20,1.107993016139776e+21,9.979228379438727e+21,0.9979228379438727,False,p excluded from model and decision variables; no p vector assigned,"L_cond = L_M0(N,D) - beta_Q*(Q-Q0), beta_Q >= 0"
10000000000000000000000,4096,power4,1,0.0,False,0.009438309260899863,True,validation-loss units per one Q-score unit,1036,6.86104,211.812,0.6188998712675302,0.12042176641988378,2.150758613533873,2.150758613533873,8719503626880000000000,8.999347792998398e+19,1.190502895190016e+21,1e+22,1.0,False,p excluded from model and decision variables; no p vector assigned,"L_cond = L_M0(N,D) - beta_Q*(Q-Q0), beta_Q >= 0"
10000000000000000000000,4096,power4,2,0.009438309260899863,True,0.012739554184469792,True,validation-loss units per one Q-score unit,1035,6.86104,209.715,0.7007524193986477,0.2022743145510013,2.1515311631969274,2.1496220356606583,8633178021600000000000,1.8810540585087992e+20,1.17871657254912e+21,1e+22,1.0,False,p excluded from model and decision variables; no p vector assigned,"L_cond = L_M0(N,D) - beta_Q*(Q-Q0), beta_Q >= 0"
10000000000000000000000,4096,power4,3,0.012739554184469792,True,0.015759954378822282,True,validation-loss units per one Q-score unit,1034,6.86104,207.618,0.7621753270831105,0.2636972222354641,2.1523136636575413,2.1489542786065785,8546852416320000000000,2.86217333771776e+20,1.166930249908224e+21,1e+22,1.0,False,p excluded from model and decision variables; no p vector assigned,"L_cond = L_M0(N,D) - beta_Q*(Q-Q0), beta_Q >= 0"
10000000000000000000000,4096,power4,4,0.015759954378822282,True,0.01859334720368255,True,validation-loss units per one Q-score unit,1033,6.86104,205.521,0.812472547210677,0.31399444236303053,2.1531063455521333,2.1481578074652883,8460526811040000000000,3.843292616926719e+20,1.155143927267328e+21,1e+22,1.0,False,p excluded from model and decision variables; no p vector assigned,"L_cond = L_M0(N,D) - beta_Q*(Q-Q0), beta_Q >= 0"
10000000000000000000000,4096,power4,5,0.01859334720368255,True,0.021288166520204713,True,validation-loss units per one Q-score unit,1032,6.86104,203.424,0.8556655089478016,0.35718740410015515,2.153909447286467,2.1472681378652507,8374201205760000000000,4.824411896135679e+20,1.143357604626432e+21,1e+22,1.0,False,p excluded from model and decision variables; no p vector assigned,"L_cond = L_M0(N,D) - beta_Q*(Q-Q0), beta_Q >= 0"
10000000000000000000000,4096,power4,6,0.021288166520204713,True,0.02387450904232384,True,validation-loss units per one Q-score unit,1031,6.86104,201.327,0.8938918208980593,0.39541371605041287,2.1547232153807174,2.146305582349063,8287875600480000000000,5.805531175344638e+20,1.131571281985536e+21,1e+22,1.0,False,p excluded from model and decision variables; no p vector assigned,"L_cond = L_M0(N,D) - beta_Q*(Q-Q0), beta_Q >= 0"
10000000000000000000000,4096,power4,7,0.02387450904232384,True,0.026371594395173018,True,validation-loss units per one Q-score unit,1030,6.86104,199.229,0.9284510811296856,0.4299729762820391,2.1555483007516134,2.145282907041413,8201508828960000000000,6.787118322593278e+20,1.119779338780672e+21,1e+22,1.0,False,p excluded from model and decision variables; no p vector assigned,"L_cond = L_M0(N,D) - beta_Q*(Q-Q0), beta_Q >= 0"
10000000000000000000000,4096,power4,8,0.026371594395173018,True,0.02879294632337479,True,validation-loss units per one Q-score unit,1029,6.86104,197.132,0.9601473092478848,0.4616692044002384,2.1563841808234034,2.1442092278202183,8115183223680000000000,7.76823760180224e+20,1.107993016139776e+21,1e+22,1.0,False,p excluded from model and decision variables; no p vector assigned,"L_cond = L_M0(N,D) - beta_Q*(Q-Q0), beta_Q >= 0"
10000000000000000000000,4096,power4,9,0.02879294632337479,True,0.08241360572446602,True,validation-loss units per one Q-score unit,1028,6.86104,195.035,0.9895759945464523,0.49109788969880586,2.1572315193795726,2.1430913642019522,8028857618400000000000,8.749356881011199e+20,1.09620669349888e+21,1e+22,1.0,False,p excluded from model and decision variables; no p vector assigned,"L_cond = L_M0(N,D) - beta_Q*(Q-Q0), beta_Q >= 0"
10000000000000000000000,4096,power4,10,0.08241360572446602,True,Infinity,True,validation-loss units per one Q-score unit,1027,6.86104,192.938,1.0,0.5015218951523536,2.158090599255091,2.116758371525818,7942532013120000000000,9.051276087414636e+20,1.084420370857984e+21,9.932079992719448e+21,0.9932079992719448,False,p excluded from model and decision variables; no p vector assigned,"L_cond = L_M0(N,D) - beta_Q*(Q-Q0), beta_Q >= 0"
10000000000000000000000,4096,logarithmic,1,0.0,False,0.0039207213312874335,True,validation-loss units per one Q-score unit,1036,6.86104,211.812,0.6401309258105728,0.14165282096292642,2.150758613533873,2.150758613533873,8719503626880000000000,8.999347792998393e+19,1.190502895190016e+21,1e+22,1.0,False,p excluded from model and decision variables; no p vector assigned,"L_cond = L_M0(N,D) - beta_Q*(Q-Q0), beta_Q >= 0"
10000000000000000000000,4096,logarithmic,2,0.0039207213312874335,True,0.004805736438294576,True,validation-loss units per one Q-score unit,1035,6.86104,209.715,0.8371736630459935,0.33869555819834707,2.1515311631969274,2.1502032322970868,8633178021600000000000,1.8810540585088e+20,1.17871657254912e+21,1e+22,1.0,False,p excluded from model and decision variables; no p vector assigned,"L_cond = L_M0(N,D) - beta_Q*(Q-Q0), beta_Q >= 0"
10000000000000000000000,4096,logarithmic,3,0.004805736438294576,True,Infinity,True,validation-loss units per one Q-score unit,1034,6.86104,207.618,1.0,0.5015218951523536,2.1523136636575413,2.149903481611405,8546852416320000000000,2.527439873244231e+20,1.166930249908224e+21,9.966526653552648e+21,0.9966526653552648,False,p excluded from model and decision variables; no p vector assigned,"L_cond = L_M0(N,D) - beta_Q*(Q-Q0), beta_Q >= 0"
1000000000000000000000000,4096,exponential,1,0.0,False,Infinity,True,validation-loss units per one Q-score unit,1232,11.965825,299.893,1.0,0.5015218951523536,2.093379471491827,2.093379471491827,21530802940350000000000,1.1501671180059362e+21,2.93967229478912e+21,2.5620642353145052e+22,0.025620642353145054,False,p excluded from model and decision variables; no p vector assigned,"L_cond = L_M0(N,D) - beta_Q*(Q-Q0), beta_Q >= 0"
1000000000000000000000000,4096,power4,1,0.0,False,Infinity,True,validation-loss units per one Q-score unit,1232,11.965825,299.893,1.0,0.5015218951523536,2.093379471491827,2.093379471491827,21530802940350000000000,1.4068842528081754e+21,2.93967229478912e+21,2.5877359487947295e+22,0.025877359487947296,False,p excluded from model and decision variables; no p vector assigned,"L_cond = L_M0(N,D) - beta_Q*(Q-Q0), beta_Q >= 0"
1000000000000000000000000,4096,logarithmic,1,0.0,False,Infinity,True,validation-loss units per one Q-score unit,1232,11.965825,299.893,1.0,0.5015218951523536,2.093379471491827,2.093379471491827,21530802940350000000000,3.6507505414117864e+20,2.93967229478912e+21,2.4835550289280297e+22,0.0248355502892803,False,p excluded from model and decision variables; no p vector assigned,"L_cond = L_M0(N,D) - beta_Q*(Q-Q0), beta_Q >= 0"
10000000000000000000,8192,exponential,1,0.0,False,0.44458758510689467,True,validation-loss units per one Q-score unit,168,0.162405,6.291,0.6673083652904627,0.16883026044281624,3.0877660039358146,3.0877660039358146,6130139130000000000,2.1959242115679997e+18,1.673936658432e+18,1e+19,1.0,False,p excluded from model and decision variables; no p vector assigned,"L_cond = L_M0(N,D) - beta_Q*(Q-Q0), beta_Q >= 0"
10000000000000000000,8192,exponential,2,0.44458758510689467,True,1.5083708737214574,True,validation-loss units per one Q-score unit,320,0.409009,2.097,0.8694792420821931,0.37100113723454664,3.1776486658275935,3.012706166152575,5146151238000000000,3.4486063972767974e+18,1.4052423647232e+18,9.999999999999998e+18,0.9999999999999998,False,p excluded from model and decision variables; no p vector assigned,"L_cond = L_M0(N,D) - beta_Q*(Q-Q0), beta_Q >= 0"
10000000000000000000,8192,exponential,3,1.5083708737214574,True,2.3236738088597013,True,validation-loss units per one Q-score unit,166,0.162405,2.097,0.986806031006525,0.48832792615887854,3.354620976948321,2.618041356305466,2043379710000000000,7.398641403855996e+18,5.57978886144e+17,9.999999999999996e+18,0.9999999999999996,False,p excluded from model and decision variables; no p vector assigned,"L_cond = L_M0(N,D) - beta_Q*(Q-Q0), beta_Q >= 0"
10000000000000000000,8192,exponential,4,2.3236738088597013,True,Infinity,True,validation-loss units per one Q-score unit,319,0.409009,1.074,1.0,0.5015218951523536,3.385279457133366,2.219906164798161,2635653996000000000,4.1190674165064724e+18,7.197092511744e+17,7.474430663680872e+18,0.7474430663680872,False,p excluded from model and decision variables; no p vector assigned,"L_cond = L_M0(N,D) - beta_Q*(Q-Q0), beta_Q >= 0"
10000000000000000000,8192,power4,1,0.0,False,0.47725247360639783,True,validation-loss units per one Q-score unit,168,0.162405,6.291,0.6022490476363296,0.10377094278868315,3.0877660039358146,3.0877660039358146,6130139130000000000,2.1959242115679997e+18,1.673936658432e+18,1e+19,1.0,False,p excluded from model and decision variables; no p vector assigned,"L_cond = L_M0(N,D) - beta_Q*(Q-Q0), beta_Q >= 0"
10000000000000000000,8192,power4,2,0.47725247360639783,True,0.9914687521872209,True,validation-loss units per one Q-score unit,320,0.409009,2.097,0.7905826171044419,0.29210451225679546,3.1776486658275935,3.0382410648014475,5146151238000000000,3.4486063972767995e+18,1.4052423647232e+18,1e+19,1.0,False,p excluded from model and decision variables; no p vector assigned,"L_cond = L_M0(N,D) - beta_Q*(Q-Q0), beta_Q >= 0"
10000000000000000000,8192,power4,3,0.9914687521872209,True,Infinity,True,validation-loss units per one Q-score unit,319,0.409009,1.074,1.0,0.5015218951523536,3.385279457133366,2.888036169552092,2635653996000000000,5.038442669605427e+18,7.197092511744e+17,8.393805916779827e+18,0.8393805916779827,False,p excluded from model and decision variables; no p vector assigned,"L_cond = L_M0(N,D) - beta_Q*(Q-Q0), beta_Q >= 0"
10000000000000000000,8192,logarithmic,1,0.0,False,0.23201458265564268,True,validation-loss units per one Q-score unit,168,0.162405,6.291,0.6125990838033517,0.11412097895570528,3.0877660039358146,3.0877660039358146,6130139130000000000,2.1959242115679974e+18,1.673936658432e+18,9.999999999999998e+18,0.9999999999999998,False,p excluded from model and decision variables; no p vector assigned,"L_cond = L_M0(N,D) - beta_Q*(Q-Q0), beta_Q >= 0"
10000000000000000000,8192,logarithmic,2,0.23201458265564268,True,Infinity,True,validation-loss units per one Q-score unit,320,0.409009,2.097,1.0,0.5015218951523536,3.1776486658275935,3.0612882726311534,5146151238000000000,2.55278512180695e+18,1.4052423647232e+18,9.104178724530149e+18,0.910417872453015,False,p excluded from model and decision variables; no p vector assigned,"L_cond = L_M0(N,D) - beta_Q*(Q-Q0), beta_Q >= 0"
10000000000000000000000,8192,exponential,1,0.0,False,0.009420376769415118,True,validation-loss units per one Q-score unit,1025,6.86104,188.744,0.724718761760326,0.22624065691267958,2.159845165552461,2.159845165552461,7769880802560000000000,1.0842374628761589e+20,2.121695451152384e+21,1e+22,1.0,False,p excluded from model and decision variables; no p vector assigned,"L_cond = L_M0(N,D) - beta_Q*(Q-Q0), beta_Q >= 0"
10000000000000000000000,8192,exponential,2,0.009420376769415118,True,0.014824925367744443,True,validation-loss units per one Q-score unit,1024,6.86104,186.647,0.8198428563954668,0.3213647515478204,2.1607412703637734,2.1577138933237836,7683555197280000000000,2.1832199684940792e+20,2.098122805870592e+21,1e+22,1.0,False,p excluded from model and decision variables; no p vector assigned,"L_cond = L_M0(N,D) - beta_Q*(Q-Q0), beta_Q >= 0"
10000000000000000000000,8192,exponential,3,0.014824925367744443,True,0.02021718674586203,True,validation-loss units per one Q-score unit,1023,6.86104,184.549,0.881193628966709,0.3827155241190626,2.1616507909883955,2.155977061906253,7597188425760000000000,3.282726547791359e+20,2.074538919460864e+21,1e+22,1.0,False,p excluded from model and decision variables; no p vector assigned,"L_cond = L_M0(N,D) - beta_Q*(Q-Q0), beta_Q >= 0"
10000000000000000000000,8192,exponential,4,0.02021718674586203,True,0.025625742949011824,True,validation-loss units per one Q-score unit,1022,6.86104,182.452,0.9268185844649096,0.4283404796172632,2.1625731992339743,2.15391335976674,7510862820480000000000,4.3817090534092774e+20,2.050966274179072e+21,9.999999999999998e+21,0.9999999999999998,False,p excluded from model and decision variables; no p vector assigned,"L_cond = L_M0(N,D) - beta_Q*(Q-Q0), beta_Q >= 0"
10000000000000000000000,8192,exponential,5,0.025625742949011824,True,0.03106172666378708,True,validation-loss units per one Q-score unit,1021,6.86104,180.355,0.9633473922555269,0.46486928740788047,2.1635092770726505,2.1515966562086457,7424537215200000000000,5.480691559027199e+20,2.02739362889728e+21,1e+22,1.0,False,p excluded from model and decision variables; no p vector assigned,"L_cond = L_M0(N,D) - beta_Q*(Q-Q0), beta_Q >= 0"
10000000000000000000000,8192,exponential,6,0.03106172666378708,True,0.159038833594086,True,validation-loss units per one Q-score unit,1020,6.86104,178.258,0.9939352770128121,0.4954571721651657,2.1644593895882047,2.1490696343327973,7338211609920000000000,6.57967406464512e+20,2.003820983615488e+21,1e+22,1.0,False,p excluded from model and decision variables; no p vector assigned,"L_cond = L_M0(N,D) - beta_Q*(Q-Q0), beta_Q >= 0"
10000000000000000000000,8192,exponential,7,0.159038833594086,True,Infinity,True,validation-loss units per one Q-score unit,1019,6.86104,176.161,1.0,0.5015218951523536,2.1654239160581583,2.0856624588312327,7251886004640000000000,6.756229377646152e+20,1.980248338333696e+21,9.907757280738312e+21,0.9907757280738312,False,p excluded from model and decision variables; no p vector assigned,"L_cond = L_M0(N,D) - beta_Q*(Q-Q0), beta_Q >= 0"
10000000000000000000000,8192,power4,1,0.0,False,0.010055154805286678,True,validation-loss units per one Q-score unit,1025,6.86104,188.744,0.6482872894624815,0.14980918461483506,2.159845165552461,2.159845165552461,7769880802560000000000,1.0842374628761597e+20,2.121695451152384e+21,1e+22,1.0,False,p excluded from model and decision variables; no p vector assigned,"L_cond = L_M0(N,D) - beta_Q*(Q-Q0), beta_Q >= 0"
10000000000000000000000,8192,power4,2,0.010055154805286678,True,0.013692818043707908,True,validation-loss units per one Q-score unit,1024,6.86104,186.647,0.737406236775096,0.23892813192744955,2.1607412703637734,2.158338811009905,7683555197280000000000,2.1832199684940792e+20,2.098122805870592e+21,1e+22,1.0,False,p excluded from model and decision variables; no p vector assigned,"L_cond = L_M0(N,D) - beta_Q*(Q-Q0), beta_Q >= 0"
10000000000000000000000,8192,power4,3,0.013692818043707908,True,0.017013091530869492,True,validation-loss units per one Q-score unit,1023,6.86104,184.549,0.8038294245892413,0.3053513197415949,2.1616507909883955,2.157469670927768,7597188425760000000000,3.282726547791359e+20,2.074538919460864e+21,1e+22,1.0,False,p excluded from model and decision variables; no p vector assigned,"L_cond = L_M0(N,D) - beta_Q*(Q-Q0), beta_Q >= 0"
10000000000000000000000,8192,power4,4,0.017013091530869492,True,0.020123429255260762,True,validation-loss units per one Q-score unit,1022,6.86104,182.452,0.8580469807520996,0.3595688759044532,2.1625731992339743,2.15645582103656,7510862820480000000000,4.3817090534092793e+20,2.050966274179072e+21,1e+22,1.0,False,p excluded from model and decision variables; no p vector assigned,"L_cond = L_M0(N,D) - beta_Q*(Q-Q0), beta_Q >= 0"
10000000000000000000000,8192,power4,5,0.020123429255260762,True,0.02307974712787823,True,validation-loss units per one Q-score unit,1021,6.86104,180.355,0.9045637958934108,0.4060856910457644,2.1635092770726505,2.1553374403973176,7424537215200000000000,5.4806915590271985e+20,2.02739362889728e+21,1e+22,1.0,False,p excluded from model and decision variables; no p vector assigned,"L_cond = L_M0(N,D) - beta_Q*(Q-Q0), beta_Q >= 0"
10000000000000000000000,8192,power4,6,0.02307974712787823,True,0.025915291487182468,True,validation-loss units per one Q-score unit,1020,6.86104,178.258,0.9457303004608099,0.44725219561316343,2.1644593895882047,2.1541369220110647,7338211609920000000000,6.57967406464512e+20,2.003820983615488e+21,1e+22,1.0,False,p excluded from model and decision variables; no p vector assigned,"L_cond = L_M0(N,D) - beta_Q*(Q-Q0), beta_Q >= 0"
10000000000000000000000,8192,power4,7,0.025915291487182468,True,0.05743470533850275,True,validation-loss units per one Q-score unit,1019,6.86104,176.161,0.9829487307621108,0.4844706259144643,2.1654239160581583,2.1528687185706072,7251886004640000000000,7.678656570263038e+20,1.980248338333696e+21,1e+22,1.0,False,p excluded from model and decision variables; no p vector assigned,"L_cond = L_M0(N,D) - beta_Q*(Q-Q0), beta_Q >= 0"
10000000000000000000000,8192,power4,8,0.05743470533850275,True,Infinity,True,validation-loss units per one Q-score unit,1018,6.86104,174.064,1.0,0.5015218951523536,2.166403250682484,2.1375984884136012,7165560399360000000000,8.165842503186211e+20,1.956675693051904e+21,9.938820342730526e+21,0.9938820342730527,False,p excluded from model and decision variables; no p vector assigned,"L_cond = L_M0(N,D) - beta_Q*(Q-Q0), beta_Q >= 0"
10000000000000000000000,8192,logarithmic,1,0.0,False,0.0032408981300743327,True,validation-loss units per one Q-score unit,1025,6.86104,188.744,0.6976056426943272,0.1991275378466808,2.159845165552461,2.159845165552461,7769880802560000000000,1.0842374628761587e+20,2.121695451152384e+21,1e+22,1.0,False,p excluded from model and decision variables; no p vector assigned,"L_cond = L_M0(N,D) - beta_Q*(Q-Q0), beta_Q >= 0"
10000000000000000000000,8192,logarithmic,2,0.0032408981300743327,True,0.03512280488127567,True,validation-loss units per one Q-score unit,1024,6.86104,186.647,0.9741045560655948,0.47562645121794833,2.1607412703637734,2.1591998134874073,7683555197280000000000,2.1832199684940792e+20,2.098122805870592e+21,1e+22,1.0,False,p excluded from model and decision variables; no p vector assigned,"L_cond = L_M0(N,D) - beta_Q*(Q-Q0), beta_Q >= 0"
10000000000000000000000,8192,logarithmic,3,0.03512280488127567,True,Infinity,True,validation-loss units per one Q-score unit,1023,6.86104,184.549,1.0,0.5015218951523536,2.1616507909883955,2.1440359353212717,7597188425760000000000,2.246609162824753e+20,2.074538919460864e+21,9.89638826150334e+21,0.9896388261503339,False,p excluded from model and decision variables; no p vector assigned,"L_cond = L_M0(N,D) - beta_Q*(Q-Q0), beta_Q >= 0"
1000000000000000000000000,8192,exponential,1,0.0,False,Infinity,True,validation-loss units per one Q-score unit,1232,11.965825,299.893,1.0,0.5015218951523536,2.093379471491827,2.093379471491827,21530802940350000000000,1.1501671180059362e+21,5.87934458957824e+21,2.8560314647934174e+22,0.028560314647934175,False,p excluded from model and decision variables; no p vector assigned,"L_cond = L_M0(N,D) - beta_Q*(Q-Q0), beta_Q >= 0"
1000000000000000000000000,8192,power4,1,0.0,False,Infinity,True,validation-loss units per one Q-score unit,1232,11.965825,299.893,1.0,0.5015218951523536,2.093379471491827,2.093379471491827,21530802940350000000000,1.4068842528081754e+21,5.87934458957824e+21,2.8817031782736417e+22,0.028817031782736417,False,p excluded from model and decision variables; no p vector assigned,"L_cond = L_M0(N,D) - beta_Q*(Q-Q0), beta_Q >= 0"
1000000000000000000000000,8192,logarithmic,1,0.0,False,Infinity,True,validation-loss units per one Q-score unit,1232,11.965825,299.893,1.0,0.5015218951523536,2.093379471491827,2.093379471491827,21530802940350000000000,3.6507505414117864e+20,5.87934458957824e+21,2.777522258406942e+22,0.02777522258406942,False,p excluded from model and decision variables; no p vector assigned,"L_cond = L_M0(N,D) - beta_Q*(Q-Q0), beta_Q >= 0"
10000000000000000000,32768,exponential,1,0.0,False,0.6245200677543666,True,validation-loss units per one Q-score unit,167,0.162405,4.194,0.6662507898365461,0.16777268498889963,3.1768463777891194,3.1768463777891194,4086759420000000000,1.449409490848e+18,4.463831089152e+18,1e+19,1.0,False,p excluded from model and decision variables; no p vector assigned,"L_cond = L_M0(N,D) - beta_Q*(Q-Q0), beta_Q >= 0"
10000000000000000000,32768,exponential,2,0.6245200677543666,True,Infinity,True,validation-loss units per one Q-score unit,319,0.409009,1.074,1.0,0.5015218951523536,3.385279457133366,3.07206896919252,2635653996000000000,4.1190674165064724e+18,2.8788370046976e+18,9.633558417204072e+18,0.9633558417204072,False,p excluded from model and decision variables; no p vector assigned,"L_cond = L_M0(N,D) - beta_Q*(Q-Q0), beta_Q >= 0"
10000000000000000000,32768,power4,1,0.0,False,0.5606867402935779,True,validation-loss units per one Q-score unit,167,0.162405,4.194,0.6014539191781223,0.10297581433047587,3.1768463777891194,3.1768463777891194,4086759420000000000,1.449409490847999e+18,4.463831089152e+18,1e+19,1.0,False,p excluded from model and decision variables; no p vector assigned,"L_cond = L_M0(N,D) - beta_Q*(Q-Q0), beta_Q >= 0"
10000000000000000000,32768,power4,2,0.5606867402935779,True,4.842058307583443,True,validation-loss units per one Q-score unit,319,0.409009,1.074,0.9731999662401772,0.4747218613925308,3.385279457133366,3.119109204123088,2635653996000000000,4.4855089993023995e+18,2.8788370046976e+18,1e+19,1.0,False,p excluded from model and decision variables; no p vector assigned,"L_cond = L_M0(N,D) - beta_Q*(Q-Q0), beta_Q >= 0"
10000000000000000000,32768,power4,3,4.842058307583443,True,Infinity,True,validation-loss units per one Q-score unit,472,1.040867,0.537,1.0,0.5015218951523536,3.5150467832436325,1.0866485243861863,3353673474000000000,2.5192213348027136e+18,3.6631057465344e+18,9.536000555337114e+18,0.9536000555337114,False,p excluded from model and decision variables; no p vector assigned,"L_cond = L_M0(N,D) - beta_Q*(Q-Q0), beta_Q >= 0"
10000000000000000000,32768,logarithmic,1,0.0,False,0.4574332226733317,True,validation-loss units per one Q-score unit,167,0.162405,4.194,0.6113649154727958,0.11288681062514938,3.1768463777891194,3.1768463777891194,4086759420000000000,1.4494094908479995e+18,4.463831089152e+18,1e+19,1.0,False,p excluded from model and decision variables; no p vector assigned,"L_cond = L_M0(N,D) - beta_Q*(Q-Q0), beta_Q >= 0"
10000000000000000000,32768,logarithmic,2,0.4574332226733317,True,Infinity,True,validation-loss units per one Q-score unit,166,0.162405,2.097,1.0,0.5015218951523536,3.354620976948321,3.125208200207543,2043379710000000000,2.55278512180695e+18,2.231915544576e+18,6.828080376382949e+18,0.6828080376382949,False,p excluded from model and decision variables; no p vector assigned,"L_cond = L_M0(N,D) - beta_Q*(Q-Q0), beta_Q >= 0"
10000000000000000000000,32768,exponential,1,0.0,False,0.005396994769400347,True,validation-loss units per one Q-score unit,917,2.782831,285.213,0.5807176002054502,0.08223949535780373,2.194660077531802,2.194660077531802,4762197468018000000000,3.6212977581539144e+19,5.201589554400461e+21,1e+22,1.0,False,p excluded from model and decision variables; no p vector assigned,"L_cond = L_M0(N,D) - beta_Q*(Q-Q0), beta_Q >= 0"
10000000000000000000000,32768,exponential,2,0.005396994769400347,True,0.0085918128249609,True,validation-loss units per one Q-score unit,916,2.782831,283.116,0.6783685827281035,0.1798904778804571,2.1951870993737037,2.194216231405518,4727183888376000000000,1.0947072314717433e+20,5.163345388476826e+21,1e+22,1.0,False,p excluded from model and decision variables; no p vector assigned,"L_cond = L_M0(N,D) - beta_Q*(Q-Q0), beta_Q >= 0"
10000000000000000000000,32768,exponential,3,0.0085918128249609,True,0.011770263580037838,True,validation-loss units per one Q-score unit,915,2.782831,281.018,0.7403225280476525,0.2418444232000061,2.195719396075657,2.193641514058762,4692153611748000000000,1.8276340326005116e+20,5.125082984991949e+21,1e+22,1.0,False,p excluded from model and decision variables; no p vector assigned,"L_cond = L_M0(N,D) - beta_Q*(Q-Q0), beta_Q >= 0"
10000000000000000000000,32768,exponential,4,0.011770263580037838,True,0.01495056599346274,True,validation-loss units per one Q-score unit,914,2.782831,278.921,0.785958717417349,0.2874806125697026,2.196256546053327,2.192872823469231,4657140032106000000000,2.5602114882568638e+20,5.086838819068314e+21,1e+22,1.0,False,p excluded from model and decision variables; no p vector assigned,"L_cond = L_M0(N,D) - beta_Q*(Q-Q0), beta_Q >= 0"
10000000000000000000000,32768,exponential,5,0.01495056599346274,True,0.018139374684187092,True,validation-loss units per one Q-score unit,913,2.782831,276.824,0.8222345150777723,0.3237564102301259,2.1967988897602146,2.1919585481832624,4622126452464000000000,3.2927889439132156e+20,5.048594653144678e+21,1e+22,1.0,False,p excluded from model and decision variables; no p vector assigned,"L_cond = L_M0(N,D) - beta_Q*(Q-Q0), beta_Q >= 0"
10000000000000000000000,32768,exponential,6,0.018139374684187092,True,0.021339150885935597,True,validation-loss units per one Q-score unit,912,2.782831,274.727,0.852424506860784,0.35394640201313754,2.1973465173328792,2.190926150928643,4587112872822000000000,4.0253663995695655e+20,5.010350487221043e+21,1e+22,1.0,False,p excluded from model and decision variables; no p vector assigned,"L_cond = L_M0(N,D) - beta_Q*(Q-Q0), beta_Q >= 0"
10000000000000000000000,32768,exponential,7,0.021339150885935597,True,0.024551188078877507,True,validation-loss units per one Q-score unit,911,2.782831,272.63,0.8783394950284603,0.3798613901808139,2.1978995211755965,2.1897936016547868,4552099293180000000000,4.757943855225918e+20,4.972106321297408e+21,1e+22,1.0,False,p excluded from model and decision variables; no p vector assigned,"L_cond = L_M0(N,D) - beta_Q*(Q-Q0), beta_Q >= 0"
10000000000000000000000,32768,exponential,8,0.024551188078877507,True,0.02777702920857921,True,validation-loss units per one Q-score unit,910,2.782831,270.533,0.9010868609804173,0.4026087561327709,2.198457996035382,2.1885734727413633,4517085713538000000000,5.490521310882268e+20,4.933862155373773e+21,1e+22,1.0,False,p excluded from model and decision variables; no p vector assigned,"L_cond = L_M0(N,D) - beta_Q*(Q-Q0), beta_Q >= 0"
10000000000000000000000,32768,exponential,9,0.02777702920857921,True,0.031016552150913822,True,validation-loss units per one Q-score unit,909,2.782831,268.435,0.9214026895991373,0.42292458475149086,2.1990223094003207,2.1872747208566525,4482055436910000000000,6.223448112011039e+20,4.895599751888896e+21,1e+22,1.0,False,p excluded from model and decision variables; no p vector assigned,"L_cond = L_M0(N,D) - beta_Q*(Q-Q0), beta_Q >= 0"
10000000000000000000000,32768,exponential,10,0.031016552150913822,True,0.03426933717375373,True,validation-loss units per one Q-score unit,908,2.782831,266.338,0.9397707410823144,0.44129263623466797,2.1995920230270594,2.1859046469614727,4447041857268000000000,6.95602556766739e+20,4.857355585965261e+21,1e+22,1.0,False,p excluded from model and decision variables; no p vector assigned,"L_cond = L_M0(N,D) - beta_Q*(Q-Q0), beta_Q >= 0"
10000000000000000000000,32768,exponential,11,0.03426933717375373,True,0.03753655006362532,True,validation-loss units per one Q-score unit,907,2.782831,264.241,0.9565637063274494,0.45808560147980293,2.200167506815192,2.184469216883639,4412028277626000000000,7.688603023323738e+20,4.819111420041626e+21,1e+22,1.0,False,p excluded from model and decision variables; no p vector assigned,"L_cond = L_M0(N,D) - beta_Q*(Q-Q0), beta_Q >= 0"
10000000000000000000000,32768,exponential,12,0.03753655006362532,True,0.040818519701745846,True,validation-loss units per one Q-score unit,906,2.782831,262.144,0.9720515143998244,0.47357340955217797,2.2007488656982765,2.1829725537018194,4377014697984000000000,8.421180478980088e+20,4.78086725411799e+21,1e+22,1.0,False,p excluded from model and decision variables; no p vector assigned,"L_cond = L_M0(N,D) - beta_Q*(Q-Q0), beta_Q >= 0"
10000000000000000000000,32768,exponential,13,0.040818519701745846,True,0.04411555196102983,True,validation-loss units per one Q-score unit,905,2.782831,260.047,0.9864406123693997,0.4879625075217533,2.201336207377238,2.181418300150248,4342001118342000000000,9.153757934636447e+20,4.742623088194355e+21,1e+22,1.0,False,p excluded from model and decision variables; no p vector assigned,"L_cond = L_M0(N,D) - beta_Q*(Q-Q0), beta_Q >= 0"
10000000000000000000000,32768,exponential,14,0.04411555196102983,True,5.575232859457595,True,validation-loss units per one Q-score unit,904,2.782831,257.95,0.9998924454023276,0.5014143405546811,2.2019296424163732,2.1798094720216277,4306987538700000000000,9.886335390292794e+20,4.70437892227072e+21,1e+22,1.0,False,p excluded from model and decision variables; no p vector assigned,"L_cond = L_M0(N,D) - beta_Q*(Q-Q0), beta_Q >= 0"
10000000000000000000000,32768,exponential,15,5.575232859457595,True,Infinity,True,validation-loss units per one Q-score unit,903,2.782831,255.853,1.0,0.5015218951523536,2.2025292843435023,-0.5935720652473457,4271973959058000000000,9.81262342379358e+20,4.666134756347085e+21,9.919371057784443e+21,0.9919371057784443,False,p excluded from model and decision variables; no p vector assigned,"L_cond = L_M0(N,D) - beta_Q*(Q-Q0), beta_Q >= 0"
10000000000000000000000,32768,power4,1,0.0,False,0.007823269921555544,True,validation-loss units per one Q-score unit,917,2.782831,285.213,0.5433123794755709,0.04483427462792444,2.194660077531802,2.194660077531802,4762197468018000000000,3.6212977581539144e+19,5.201589554400461e+21,1e+22,1.0,False,p excluded from model and decision variables; no p vector assigned,"L_cond = L_M0(N,D) - beta_Q*(Q-Q0), beta_Q >= 0"
10000000000000000000000,32768,power4,2,0.007823269921555544,True,0.010414262649943737,True,validation-loss units per one Q-score unit,916,2.782831,283.116,0.6106783079410397,0.11220020309339329,2.1951870993737037,2.1943093268996505,4727183888376000000000,1.0947072314717436e+20,5.163345388476826e+21,1e+22,1.0,False,p excluded from model and decision variables; no p vector assigned,"L_cond = L_M0(N,D) - beta_Q*(Q-Q0), beta_Q >= 0"
10000000000000000000000,32768,power4,3,0.010414262649943737,True,0.012793845748723503,True,validation-loss units per one Q-score unit,915,2.782831,281.018,0.6617905873069057,0.16331248245925922,2.195719396075657,2.194018616989312,4692153611748000000000,1.8276340326005116e+20,5.125082984991949e+21,1e+22,1.0,False,p excluded from model and decision variables; no p vector assigned,"L_cond = L_M0(N,D) - beta_Q*(Q-Q0), beta_Q >= 0"
10000000000000000000000,32768,power4,4,0.012793845748723503,True,0.015029546312902667,True,validation-loss units per one Q-score unit,914,2.782831,278.921,0.7037756157510263,0.2052975109033799,2.196256546053327,2.193630001366232,4657140032106000000000,2.560211488256863e+20,5.086838819068314e+21,1e+22,1.0,False,p excluded from model and decision variables; no p vector assigned,"L_cond = L_M0(N,D) - beta_Q*(Q-Q0), beta_Q >= 0"
10000000000000000000000,32768,power4,5,0.015029546312902667,True,0.01715809451119416,True,validation-loss units per one Q-score unit,913,2.782831,276.824,0.7398607839654564,0.24138267911780997,2.1967988897602146,2.193171017605281,4622126452464000000000,3.292788943913214e+20,5.048594653144678e+21,1e+22,1.0,False,p excluded from model and decision variables; no p vector assigned,"L_cond = L_M0(N,D) - beta_Q*(Q-Q0), beta_Q >= 0"
10000000000000000000000,32768,power4,6,0.01715809451119416,True,0.019201786710399037,True,validation-loss units per one Q-score unit,912,2.782831,274.727,0.77177735677063,0.27329925192298354,2.1973465173328792,2.192657222938546,4587112872822000000000,4.0253663995695655e+20,5.010350487221043e+21,1e+22,1.0,False,p excluded from model and decision variables; no p vector assigned,"L_cond = L_M0(N,D) - beta_Q*(Q-Q0), beta_Q >= 0"
10000000000000000000000,32768,power4,7,0.019201786710399037,True,0.02117570918764855,True,validation-loss units per one Q-score unit,911,2.782831,272.63,0.8005769602167923,0.3020988553691458,2.1978995211755965,2.1920986833893426,4552099293180000000000,4.757943855225919e+20,4.972106321297408e+21,1e+22,1.0,False,p excluded from model and decision variables; no p vector assigned,"L_cond = L_M0(N,D) - beta_Q*(Q-Q0), beta_Q >= 0"
10000000000000000000000,32768,power4,8,0.02117570918764855,True,0.023091147826007186,True,validation-loss units per one Q-score unit,910,2.782831,270.533,0.8269503324064378,0.32847222755879135,2.198457996035382,2.191502363668378,4517085713538000000000,5.490521310882272e+20,4.933862155373773e+21,1e+22,1.0,False,p excluded from model and decision variables; no p vector assigned,"L_cond = L_M0(N,D) - beta_Q*(Q-Q0), beta_Q >= 0"
10000000000000000000000,32768,power4,9,0.023091147826007186,True,0.024955819235305148,True,validation-loss units per one Q-score unit,909,2.782831,268.435,0.8513888475114815,0.35291074266383504,2.1990223094003207,2.190873195272084,4482055436910000000000,6.223448112011039e+20,4.895599751888896e+21,1e+22,1.0,False,p excluded from model and decision variables; no p vector assigned,"L_cond = L_M0(N,D) - beta_Q*(Q-Q0), beta_Q >= 0"
10000000000000000000000,32768,power4,10,0.024955819235305148,True,0.02677559215340437,True,validation-loss units per one Q-score unit,908,2.782831,266.338,0.8742177364919184,0.37573963164427193,2.1995920230270594,2.190215132700205,4447041857268000000000,6.956025567667392e+20,4.857355585965261e+21,1e+22,1.0,False,p excluded from model and decision variables; no p vector assigned,"L_cond = L_M0(N,D) - beta_Q*(Q-Q0), beta_Q >= 0"
10000000000000000000000,32768,power4,11,0.02677559215340437,True,0.028555978666443556,True,validation-loss units per one Q-score unit,907,2.782831,264.241,0.8957105865785032,0.3972324817308568,2.200167506815192,2.189531371894282,4412028277626000000000,7.688603023323743e+20,4.819111420041626e+21,1e+22,1.0,False,p excluded from model and decision variables; no p vector assigned,"L_cond = L_M0(N,D) - beta_Q*(Q-Q0), beta_Q >= 0"
10000000000000000000000,32768,power4,12,0.028555978666443556,True,0.030301091548049476,True,validation-loss units per one Q-score unit,906,2.782831,262.144,0.9160691563153439,0.4175910514676975,2.2007488656982765,2.1888241445412673,4377014697984000000000,8.421180478980095e+20,4.78086725411799e+21,1e+22,1.0,False,p excluded from model and decision variables; no p vector assigned,"L_cond = L_M0(N,D) - beta_Q*(Q-Q0), beta_Q >= 0"
10000000000000000000000,32768,power4,13,0.030301091548049476,True,0.03201434016189072,True,validation-loss units per one Q-score unit,905,2.782831,260.047,0.9354526718573531,0.4369745670097067,2.201336207377238,2.1880954010181077,4342001118342000000000,9.153757934636445e+20,4.742623088194355e+21,1e+22,1.0,False,p excluded from model and decision variables; no p vector assigned,"L_cond = L_M0(N,D) - beta_Q*(Q-Q0), beta_Q >= 0"
10000000000000000000000,32768,power4,14,0.03201434016189072,True,0.03369859276645521,True,validation-loss units per one Q-score unit,904,2.782831,257.95,0.9539892100503733,0.45551110520272686,2.2019296424163732,2.1873467549468946,4306987538700000000000,9.886335390292794e+20,4.70437892227072e+21,1e+22,1.0,False,p excluded from model and decision variables; no p vector assigned,"L_cond = L_M0(N,D) - beta_Q*(Q-Q0), beta_Q >= 0"
10000000000000000000000,32768,power4,15,0.03369859276645521,True,0.03535667956651253,True,validation-loss units per one Q-score unit,903,2.782831,255.853,0.9717834820926744,0.47330537724502797,2.2025292843435023,2.1865795591815487,4271973959058000000000,1.061891284594915e+21,4.666134756347085e+21,1e+22,1.0,False,p excluded from model and decision variables; no p vector assigned,"L_cond = L_M0(N,D) - beta_Q*(Q-Q0), beta_Q >= 0"
10000000000000000000000,32768,power4,16,0.03535667956651253,True,0.05532344121069841,True,validation-loss units per one Q-score unit,902,2.782831,253.755,0.9889303384592478,0.4904522336116014,2.203135540249628,2.1857947777831424,4236943682430000000000,1.1351839647077917e+21,4.627872352862208e+21,1e+22,1.0,False,p excluded from model and decision variables; no p vector assigned,"L_cond = L_M0(N,D) - beta_Q*(Q-Q0), beta_Q >= 0"
10000000000000000000000,32768,power4,17,0.05532344121069841,True,Infinity,True,validation-loss units per one Q-score unit,901,2.782831,251.658,1.0,0.5015218951523536,2.2037479520191003,2.176002034936761,4201930102788000000000,1.1806000049791086e+21,4.589628186938573e+21,9.97215829470568e+21,0.9972158294705681,False,p excluded from model and decision variables; no p vector assigned,"L_cond = L_M0(N,D) - beta_Q*(Q-Q0), beta_Q >= 0"
10000000000000000000000,32768,logarithmic,1,0.0,False,0.0047839817512227035,True,validation-loss units per one Q-score unit,917,2.782831,285.213,0.5377038780175888,0.03922577316994236,2.194660077531802,2.194660077531802,4762197468018000000000,3.6212977581539176e+19,5.201589554400461e+21,1e+22,1.0,False,p excluded from model and decision variables; no p vector assigned,"L_cond = L_M0(N,D) - beta_Q*(Q-Q0), beta_Q >= 0"
10000000000000000000000,32768,logarithmic,2,0.0047839817512227035,True,0.03598484880758844,True,validation-loss units per one Q-score unit,913,2.782831,276.824,0.984781718117179,0.48630361326953253,2.1967988897602146,2.1944724221487797,4622126452464000000000,3.292788943913214e+20,5.048594653144678e+21,1e+22,1.0,False,p excluded from model and decision variables; no p vector assigned,"L_cond = L_M0(N,D) - beta_Q*(Q-Q0), beta_Q >= 0"
10000000000000000000000,32768,logarithmic,3,0.03598484880758844,True,Infinity,True,validation-loss units per one Q-score unit,912,2.782831,274.727,1.0,0.5015218951523536,2.1973465173328792,2.1792993277621266,4587112872822000000000,3.3443919797742384e+20,5.010350487221043e+21,9.931902558020466e+21,0.9931902558020467,False,p excluded from model and decision variables; no p vector assigned,"L_cond = L_M0(N,D) - beta_Q*(Q-Q0), beta_Q >= 0"
1000000000000000000000000,32768,exponential,1,0.0,False,Infinity,True,validation-loss units per one Q-score unit,1232,11.965825,299.893,1.0,0.5015218951523536,2.093379471491827,2.093379471491827,21530802940350000000000,1.1501671180059362e+21,2.351737835831296e+22,4.61983484166689e+22,0.046198348416668894,False,p excluded from model and decision variables; no p vector assigned,"L_cond = L_M0(N,D) - beta_Q*(Q-Q0), beta_Q >= 0"
1000000000000000000000000,32768,power4,1,0.0,False,Infinity,True,validation-loss units per one Q-score unit,1232,11.965825,299.893,1.0,0.5015218951523536,2.093379471491827,2.093379471491827,21530802940350000000000,1.4068842528081754e+21,2.351737835831296e+22,4.6455065551471135e+22,0.046455065551471136,False,p excluded from model and decision variables; no p vector assigned,"L_cond = L_M0(N,D) - beta_Q*(Q-Q0), beta_Q >= 0"
1000000000000000000000000,32768,logarithmic,1,0.0,False,Infinity,True,validation-loss units per one Q-score unit,1232,11.965825,299.893,1.0,0.5015218951523536,2.093379471491827,2.093379471491827,21530802940350000000000,3.6507505414117864e+20,2.351737835831296e+22,4.541325635280414e+22,0.04541325635280414,False,p excluded from model and decision variables; no p vector assigned,"L_cond = L_M0(N,D) - beta_Q*(Q-Q0), beta_Q >= 0"
10000000000000000000,131072,exponential,1,0.0,False,0.39834605895190733,True,validation-loss units per one Q-score unit,13,0.070542,4.194,0.5728251109319111,0.0743470060842647,3.392088334710602,3.392088334710602,1775118888000000000,4.6926834906879994e+17,7.7556127629312e+18,1e+19,1.0,False,p excluded from model and decision variables; no p vector assigned,"L_cond = L_M0(N,D) - beta_Q*(Q-Q0), beta_Q >= 0"
10000000000000000000,131072,exponential,2,0.39834605895190733,True,Infinity,True,validation-loss units per one Q-score unit,165,0.162405,1.074,1.0,0.5015218951523536,3.5622517682540935,3.3624724978420617,1046537820000000000,4.1190674165064724e+18,4.572393504768e+18,9.737998741274472e+18,0.9737998741274473,False,p excluded from model and decision variables; no p vector assigned,"L_cond = L_M0(N,D) - beta_Q*(Q-Q0), beta_Q >= 0"
10000000000000000000,131072,power4,1,0.0,False,0.3963446241487757,True,validation-loss units per one Q-score unit,13,0.070542,4.194,0.5385494548931693,0.04007135004552287,3.392088334710602,3.392088334710602,1775118888000000000,4.6926834906879994e+17,7.7556127629312e+18,1e+19,1.0,False,p excluded from model and decision variables; no p vector assigned,"L_cond = L_M0(N,D) - beta_Q*(Q-Q0), beta_Q >= 0"
10000000000000000000,131072,power4,2,0.3963446241487757,True,2.5939731675897546,True,validation-loss units per one Q-score unit,165,0.162405,1.074,0.967881463391958,0.4694033585443116,3.5622517682540935,3.376206270537675,1046537820000000000,4.381068675231999e+18,4.572393504768e+18,1e+19,1.0,False,p excluded from model and decision variables; no p vector assigned,"L_cond = L_M0(N,D) - beta_Q*(Q-Q0), beta_Q >= 0"
10000000000000000000,131072,power4,3,2.5939731675897546,True,Infinity,True,validation-loss units per one Q-score unit,318,0.409009,0.537,1.0,0.5015218951523536,3.6455663903976037,2.3446320514136363,1317826998000000000,2.5192213348027136e+18,5.7576740093952e+18,9.594722342197914e+18,0.9594722342197913,False,p excluded from model and decision variables; no p vector assigned,"L_cond = L_M0(N,D) - beta_Q*(Q-Q0), beta_Q >= 0"
10000000000000000000,131072,logarithmic,1,0.0,False,0.36430886318928496,True,validation-loss units per one Q-score unit,13,0.070542,4.194,0.5329143736613426,0.034436268813696214,3.392088334710602,3.392088334710602,1775118888000000000,4.692683490687987e+17,7.7556127629312e+18,9.999999999999998e+18,0.9999999999999998,False,p excluded from model and decision variables; no p vector assigned,"L_cond = L_M0(N,D) - beta_Q*(Q-Q0), beta_Q >= 0"
10000000000000000000,131072,logarithmic,2,0.36430886318928496,True,Infinity,True,validation-loss units per one Q-score unit,165,0.162405,1.074,1.0,0.5015218951523536,3.5622517682540935,3.379542896766604,1046537820000000000,1.3074350123131446e+18,4.572393504768e+18,6.926366337081144e+18,0.6926366337081145,False,p excluded from model and decision variables; no p vector assigned,"L_cond = L_M0(N,D) - beta_Q*(Q-Q0), beta_Q >= 0"
10000000000000000000000,131072,exponential,1,0.0,False,0.007272994083595964,True,validation-loss units per one Q-score unit,834,2.782831,111.149,0.6588989292349794,0.16042082438733296,2.271590563800825,2.271590563800825,1855853296914000000000,3.5799925315606376e+19,8.108346777770394e+21,1e+22,1.0,False,p excluded from model and decision variables; no p vector assigned,"L_cond = L_M0(N,D) - beta_Q*(Q-Q0), beta_Q >= 0"
10000000000000000000000,131072,exponential,2,0.007272994083595964,True,0.018696649356042157,True,validation-loss units per one Q-score unit,833,2.782831,109.052,0.9027701513174153,0.4042920464697689,2.27336423775619,2.2704238240941703,1820839717272000000000,2.237901686521472e+20,7.955370114075853e+21,1e+22,1.0,False,p excluded from model and decision variables; no p vector assigned,"L_cond = L_M0(N,D) - beta_Q*(Q-Q0), beta_Q >= 0"
10000000000000000000000,131072,exponential,3,0.018696649356042157,True,Infinity,True,validation-loss units per one Q-score unit,832,2.782831,106.955,1.0,0.5015218951523536,2.275182110143949,2.265805331125908,1785826137630000000000,4.102000517061916e+20,7.802393450381312e+21,9.998419639717503e+21,0.9998419639717503,False,p excluded from model and decision variables; no p vector assigned,"L_cond = L_M0(N,D) - beta_Q*(Q-Q0), beta_Q >= 0"
10000000000000000000000,131072,power4,1,0.0,False,0.007613494764492535,True,validation-loss units per one Q-score unit,834,2.782831,111.149,0.5959787574582482,0.09750065261060181,2.271590563800825,2.271590563800825,1855853296914000000000,3.5799925315606356e+19,8.108346777770394e+21,1e+22,1.0,False,p excluded from model and decision variables; no p vector assigned,"L_cond = L_M0(N,D) - beta_Q*(Q-Q0), beta_Q >= 0"
10000000000000000000000,131072,power4,2,0.007613494764492535,True,0.014422384876354041,True,validation-loss units per one Q-score unit,833,2.782831,109.052,0.8289432514560444,0.330465146608398,2.27336423775619,2.2708482430926393,1820839717272000000000,2.237901686521472e+20,7.955370114075853e+21,1e+22,1.0,False,p excluded from model and decision variables; no p vector assigned,"L_cond = L_M0(N,D) - beta_Q*(Q-Q0), beta_Q >= 0"
10000000000000000000000,131072,power4,3,0.014422384876354041,True,0.04141318876654246,True,validation-loss units per one Q-score unit,832,2.782831,106.955,0.9549884515629825,0.4565103467153361,2.275182110143949,2.2685981422235826,1785826137630000000000,4.1178041198868785e+20,7.802393450381312e+21,1e+22,1.0,False,p excluded from model and decision variables; no p vector assigned,"L_cond = L_M0(N,D) - beta_Q*(Q-Q0), beta_Q >= 0"
10000000000000000000000,131072,power4,4,0.04141318876654246,True,Infinity,True,validation-loss units per one Q-score unit,831,2.782831,104.858,1.0,0.5015218951523536,2.2770461818960457,2.256276560981547,1750812557988000000000,4.919190143849961e+20,7.649416786686771e+21,9.892148359059768e+21,0.9892148359059768,False,p excluded from model and decision variables; no p vector assigned,"L_cond = L_M0(N,D) - beta_Q*(Q-Q0), beta_Q >= 0"
10000000000000000000000,131072,logarithmic,1,0.0,False,0.004468308165708353,True,validation-loss units per one Q-score unit,834,2.782831,111.149,0.6030546932781444,0.104576588430498,2.271590563800825,2.271590563800825,1855853296914000000000,3.5799925315606356e+19,8.108346777770394e+21,1e+22,1.0,False,p excluded from model and decision variables; no p vector assigned,"L_cond = L_M0(N,D) - beta_Q*(Q-Q0), beta_Q >= 0"
10000000000000000000000,131072,logarithmic,2,0.004468308165708353,True,Infinity,True,validation-loss units per one Q-score unit,833,2.782831,109.052,1.0,0.5015218951523536,2.27336423775619,2.271123283376799,1820839717272000000000,1.3275456514224677e+20,7.955370114075853e+21,9.9089643964901e+21,0.9908964396490101,False,p excluded from model and decision variables; no p vector assigned,"L_cond = L_M0(N,D) - beta_Q*(Q-Q0), beta_Q >= 0"
1000000000000000000000000,131072,exponential,1,0.0,False,Infinity,True,validation-loss units per one Q-score unit,1232,11.965825,299.893,1.0,0.5015218951523536,2.093379471491827,2.093379471491827,21530802940350000000000,1.1501671180059362e+21,9.406951343325183e+22,1.1675048349160778e+23,0.11675048349160778,False,p excluded from model and decision variables; no p vector assigned,"L_cond = L_M0(N,D) - beta_Q*(Q-Q0), beta_Q >= 0"
1000000000000000000000000,131072,power4,1,0.0,False,Infinity,True,validation-loss units per one Q-score unit,1232,11.965825,299.893,1.0,0.5015218951523536,2.093379471491827,2.093379471491827,21530802940350000000000,1.4068842528081754e+21,9.406951343325183e+22,1.1700720062641001e+23,0.11700720062641001,False,p excluded from model and decision variables; no p vector assigned,"L_cond = L_M0(N,D) - beta_Q*(Q-Q0), beta_Q >= 0"
1000000000000000000000000,131072,logarithmic,1,0.0,False,Infinity,True,validation-loss units per one Q-score unit,1232,11.965825,299.893,1.0,0.5015218951523536,2.093379471491827,2.093379471491827,21530802940350000000000,3.6507505414117864e+20,9.406951343325183e+22,1.15965391427743e+23,0.11596539142774301,False,p excluded from model and decision variables; no p vector assigned,"L_cond = L_M0(N,D) - beta_Q*(Q-Q0), beta_Q >= 0"
