"blind_id","rater_1_education","rater_1_readability","rater_1_coherence","rater_1_information","rater_1_overall"
"Q11-0001","","","","",""
"Q11-0002","","","","",""
"Q11-0003","","","","",""
"Q11-0004","","","","",""
"Q11-0005","","","","",""
"Q11-0006","","","","",""
"Q11-0007","","","","",""
"Q11-0008","","","","",""
"Q11-0009","","","","",""
"Q11-0010","","","","",""
"Q11-0011","","","","",""
"Q11-0012","","","","",""
"Q11-0013","","","","",""
"Q11-0014","","","","",""
"Q11-0015","","","","",""
"Q11-0016","","","","",""
"Q11-0017","","","","",""
"Q11-0018","","","","",""
"Q11-0019","","","","",""
"Q11-0020","","","","",""
"Q11-0021","","","","",""
"Q11-0022","","","","",""
"Q11-0023","","","","",""
"Q11-0024","","","","",""
"Q11-0025","","","","",""
"Q11-0026","","","","",""
"Q11-0027","","","","",""
"Q11-0028","","","","",""
"Q11-0029","","","","",""
"Q11-0030","","","","",""
"Q11-0031","","","","",""
"Q11-0032","","","","",""
"Q11-0033","","","","",""
"Q11-0034","","","","",""
"Q11-0035","","","","",""
"Q11-0036","","","","",""
"Q11-0037","","","","",""
"Q11-0038","","","","",""
"Q11-0039","","","","",""
"Q11-0040","","","","",""
"Q11-0041","","","","",""
"Q11-0042","","","","",""
"Q11-0043","","","","",""
"Q11-0044","","","","",""
"Q11-0045","","","","",""
"Q11-0046","","","","",""
"Q11-0047","","","","",""
"Q11-0048","","","","",""
"Q11-0049","","","","",""
"Q11-0050","","","","",""
"Q11-0051","","","","",""
"Q11-0052","","","","",""
"Q11-0053","","","","",""
"Q11-0054","","","","",""
"Q11-0055","","","","",""
"Q11-0056","","","","",""
"Q11-0057","","","","",""
"Q11-0058","","","","",""
"Q11-0059","","","","",""
"Q11-0060","","","","",""
"Q11-0061","","","","",""
"Q11-0062","","","","",""
"Q11-0063","","","","",""
"Q11-0064","","","","",""
"Q11-0065","","","","",""
"Q11-0066","","","","",""
"Q11-0067","","","","",""
"Q11-0068","","","","",""
"Q11-0069","","","","",""
"Q11-0070","","","","",""
"Q11-0071","","","","",""
"Q11-0072","","","","",""
"Q11-0073","","","","",""
"Q11-0074","","","","",""
"Q11-0075","","","","",""
"Q11-0076","","","","",""
"Q11-0077","","","","",""
"Q11-0078","","","","",""
"Q11-0079","","","","",""
"Q11-0080","","","","",""
"Q11-0081","","","","",""
"Q11-0082","","","","",""
"Q11-0083","","","","",""
"Q11-0084","","","","",""
"Q11-0085","","","","",""
"Q11-0086","","","","",""
"Q11-0087","","","","",""
"Q11-0088","","","","",""
"Q11-0089","","","","",""
"Q11-0090","","","","",""
"Q11-0091","","","","",""
"Q11-0092","","","","",""
"Q11-0093","","","","",""
"Q11-0094","","","","",""
"Q11-0095","","","","",""
"Q11-0096","","","","",""
"Q11-0097","","","","",""
"Q11-0098","","","","",""
"Q11-0099","","","","",""
"Q11-0100","","","","",""
"Q11-0101","","","","",""
"Q11-0102","","","","",""
"Q11-0103","","","","",""
"Q11-0104","","","","",""
"Q11-0105","","","","",""
"Q11-0106","","","","",""
"Q11-0107","","","","",""
"Q11-0108","","","","",""
"Q11-0109","","","","",""
"Q11-0110","","","","",""
"Q11-0111","","","","",""
"Q11-0112","","","","",""
"Q11-0113","","","","",""
"Q11-0114","","","","",""
"Q11-0115","","","","",""
"Q11-0116","","","","",""
"Q11-0117","","","","",""
"Q11-0118","","","","",""
"Q11-0119","","","","",""
"Q11-0120","","","","",""
"Q11-0121","","","","",""
"Q11-0122","","","","",""
"Q11-0123","","","","",""
"Q11-0124","","","","",""
"Q11-0125","","","","",""
"Q11-0126","","","","",""
"Q11-0127","","","","",""
"Q11-0128","","","","",""
"Q11-0129","","","","",""
"Q11-0130","","","","",""
"Q11-0131","","","","",""
"Q11-0132","","","","",""
"Q11-0133","","","","",""
"Q11-0134","","","","",""
"Q11-0135","","","","",""
"Q11-0136","","","","",""
"Q11-0137","","","","",""
"Q11-0138","","","","",""
"Q11-0139","","","","",""
"Q11-0140","","","","",""
"Q11-0141","","","","",""
"Q11-0142","","","","",""
"Q11-0143","","","","",""
"Q11-0144","","","","",""
"Q11-0145","","","","",""
"Q11-0146","","","","",""
"Q11-0147","","","","",""
"Q11-0148","","","","",""
"Q11-0149","","","","",""
"Q11-0150","","","","",""
"Q11-0151","","","","",""
"Q11-0152","","","","",""
"Q11-0153","","","","",""
"Q11-0154","","","","",""
"Q11-0155","","","","",""
"Q11-0156","","","","",""
"Q11-0157","","","","",""
"Q11-0158","","","","",""
"Q11-0159","","","","",""
"Q11-0160","","","","",""
"Q11-0161","","","","",""
"Q11-0162","","","","",""
"Q11-0163","","","","",""
"Q11-0164","","","","",""
"Q11-0165","","","","",""
"Q11-0166","","","","",""
"Q11-0167","","","","",""
"Q11-0168","","","","",""
"Q11-0169","","","","",""
"Q11-0170","","","","",""
"Q11-0171","","","","",""
"Q11-0172","","","","",""
"Q11-0173","","","","",""
"Q11-0174","","","","",""
"Q11-0175","","","","",""
"Q11-0176","","","","",""
"Q11-0177","","","","",""
"Q11-0178","","","","",""
"Q11-0179","","","","",""
"Q11-0180","","","","",""
"Q11-0181","","","","",""
"Q11-0182","","","","",""
"Q11-0183","","","","",""
"Q11-0184","","","","",""
"Q11-0185","","","","",""
"Q11-0186","","","","",""
"Q11-0187","","","","",""
"Q11-0188","","","","",""
"Q11-0189","","","","",""
"Q11-0190","","","","",""
"Q11-0191","","","","",""
"Q11-0192","","","","",""
"Q11-0193","","","","",""
"Q11-0194","","","","",""
"Q11-0195","","","","",""
"Q11-0196","","","","",""
"Q11-0197","","","","",""
"Q11-0198","","","","",""
"Q11-0199","","","","",""
"Q11-0200","","","","",""
"Q11-0201","","","","",""
"Q11-0202","","","","",""
"Q11-0203","","","","",""
"Q11-0204","","","","",""
"Q11-0205","","","","",""
"Q11-0206","","","","",""
"Q11-0207","","","","",""
"Q11-0208","","","","",""
"Q11-0209","","","","",""
"Q11-0210","","","","",""
"Q11-0211","","","","",""
"Q11-0212","","","","",""
"Q11-0213","","","","",""
"Q11-0214","","","","",""
"Q11-0215","","","","",""
"Q11-0216","","","","",""
"Q11-0217","","","","",""
"Q11-0218","","","","",""
"Q11-0219","","","","",""
"Q11-0220","","","","",""
"Q11-0221","","","","",""
"Q11-0222","","","","",""
"Q11-0223","","","","",""
"Q11-0224","","","","",""
"Q11-0225","","","","",""
"Q11-0226","","","","",""
"Q11-0227","","","","",""
"Q11-0228","","","","",""
"Q11-0229","","","","",""
"Q11-0230","","","","",""
"Q11-0231","","","","",""
"Q11-0232","","","","",""
"Q11-0233","","","","",""
"Q11-0234","","","","",""
"Q11-0235","","","","",""
"Q11-0236","","","","",""
"Q11-0237","","","","",""
"Q11-0238","","","","",""
"Q11-0239","","","","",""
"Q11-0240","","","","",""
"Q11-0241","","","","",""
"Q11-0242","","","","",""
"Q11-0243","","","","",""
"Q11-0244","","","","",""
"Q11-0245","","","","",""
"Q11-0246","","","","",""
"Q11-0247","","","","",""
"Q11-0248","","","","",""
"Q11-0249","","","","",""
"Q11-0250","","","","",""
"Q11-0251","","","","",""
"Q11-0252","","","","",""
"Q11-0253","","","","",""
"Q11-0254","","","","",""
"Q11-0255","","","","",""
"Q11-0256","","","","",""
"Q11-0257","","","","",""
"Q11-0258","","","","",""
"Q11-0259","","","","",""
"Q11-0260","","","","",""
"Q11-0261","","","","",""
"Q11-0262","","","","",""
"Q11-0263","","","","",""
"Q11-0264","","","","",""
"Q11-0265","","","","",""
"Q11-0266","","","","",""
"Q11-0267","","","","",""
"Q11-0268","","","","",""
"Q11-0269","","","","",""
"Q11-0270","","","","",""
"Q11-0271","","","","",""
"Q11-0272","","","","",""
"Q11-0273","","","","",""
"Q11-0274","","","","",""
"Q11-0275","","","","",""
"Q11-0276","","","","",""
"Q11-0277","","","","",""
"Q11-0278","","","","",""
"Q11-0279","","","","",""
"Q11-0280","","","","",""
"Q11-0281","","","","",""
"Q11-0282","","","","",""
"Q11-0283","","","","",""
"Q11-0284","","","","",""
"Q11-0285","","","","",""
"Q11-0286","","","","",""
"Q11-0287","","","","",""
"Q11-0288","","","","",""
"Q11-0289","","","","",""
"Q11-0290","","","","",""
"Q11-0291","","","","",""
"Q11-0292","","","","",""
"Q11-0293","","","","",""
"Q11-0294","","","","",""
"Q11-0295","","","","",""
"Q11-0296","","","","",""
"Q11-0297","","","","",""
"Q11-0298","","","","",""
"Q11-0299","","","","",""
"Q11-0300","","","","",""
"Q11-0301","","","","",""
"Q11-0302","","","","",""
"Q11-0303","","","","",""
"Q11-0304","","","","",""
"Q11-0305","","","","",""
"Q11-0306","","","","",""
"Q11-0307","","","","",""
"Q11-0308","","","","",""
"Q11-0309","","","","",""
"Q11-0310","","","","",""
"Q11-0311","","","","",""
"Q11-0312","","","","",""
"Q11-0313","","","","",""
"Q11-0314","","","","",""
"Q11-0315","","","","",""
"Q11-0316","","","","",""
"Q11-0317","","","","",""
"Q11-0318","","","","",""
"Q11-0319","","","","",""
"Q11-0320","","","","",""
"Q11-0321","","","","",""
"Q11-0322","","","","",""
"Q11-0323","","","","",""
"Q11-0324","","","","",""
"Q11-0325","","","","",""
"Q11-0326","","","","",""
"Q11-0327","","","","",""
"Q11-0328","","","","",""
"Q11-0329","","","","",""
"Q11-0330","","","","",""
"Q11-0331","","","","",""
"Q11-0332","","","","",""
"Q11-0333","","","","",""
"Q11-0334","","","","",""
"Q11-0335","","","","",""
"Q11-0336","","","","",""
"Q11-0337","","","","",""
"Q11-0338","","","","",""
"Q11-0339","","","","",""
"Q11-0340","","","","",""
"Q11-0341","","","","",""
"Q11-0342","","","","",""
"Q11-0343","","","","",""
"Q11-0344","","","","",""
"Q11-0345","","","","",""
"Q11-0346","","","","",""
"Q11-0347","","","","",""
"Q11-0348","","","","",""
"Q11-0349","","","","",""
"Q11-0350","","","","",""
"Q11-0351","","","","",""
"Q11-0352","","","","",""
"Q11-0353","","","","",""
"Q11-0354","","","","",""
"Q11-0355","","","","",""
"Q11-0356","","","","",""
"Q11-0357","","","","",""
"Q11-0358","","","","",""
"Q11-0359","","","","",""
"Q11-0360","","","","",""
"Q11-0361","","","","",""
"Q11-0362","","","","",""
"Q11-0363","","","","",""
"Q11-0364","","","","",""
"Q11-0365","","","","",""
"Q11-0366","","","","",""
"Q11-0367","","","","",""
"Q11-0368","","","","",""
"Q11-0369","","","","",""
"Q11-0370","","","","",""
"Q11-0371","","","","",""
"Q11-0372","","","","",""
"Q11-0373","","","","",""
"Q11-0374","","","","",""
"Q11-0375","","","","",""
"Q11-0376","","","","",""
"Q11-0377","","","","",""
"Q11-0378","","","","",""
"Q11-0379","","","","",""
"Q11-0380","","","","",""
"Q11-0381","","","","",""
"Q11-0382","","","","",""
"Q11-0383","","","","",""
"Q11-0384","","","","",""
"Q11-0385","","","","",""
"Q11-0386","","","","",""
"Q11-0387","","","","",""
"Q11-0388","","","","",""
"Q11-0389","","","","",""
"Q11-0390","","","","",""
"Q11-0391","","","","",""
"Q11-0392","","","","",""
"Q11-0393","","","","",""
"Q11-0394","","","","",""
"Q11-0395","","","","",""
"Q11-0396","","","","",""
"Q11-0397","","","","",""
"Q11-0398","","","","",""
"Q11-0399","","","","",""
"Q11-0400","","","","",""
"Q11-0401","","","","",""
"Q11-0402","","","","",""
"Q11-0403","","","","",""
"Q11-0404","","","","",""
"Q11-0405","","","","",""
"Q11-0406","","","","",""
"Q11-0407","","","","",""
"Q11-0408","","","","",""
"Q11-0409","","","","",""
"Q11-0410","","","","",""
"Q11-0411","","","","",""
"Q11-0412","","","","",""
"Q11-0413","","","","",""
"Q11-0414","","","","",""
"Q11-0415","","","","",""
"Q11-0416","","","","",""
"Q11-0417","","","","",""
"Q11-0418","","","","",""
"Q11-0419","","","","",""
"Q11-0420","","","","",""
"Q11-0421","","","","",""
"Q11-0422","","","","",""
"Q11-0423","","","","",""
"Q11-0424","","","","",""
"Q11-0425","","","","",""
"Q11-0426","","","","",""
"Q11-0427","","","","",""
"Q11-0428","","","","",""
"Q11-0429","","","","",""
"Q11-0430","","","","",""
"Q11-0431","","","","",""
"Q11-0432","","","","",""
"Q11-0433","","","","",""
"Q11-0434","","","","",""
"Q11-0435","","","","",""
"Q11-0436","","","","",""
"Q11-0437","","","","",""
"Q11-0438","","","","",""
"Q11-0439","","","","",""
"Q11-0440","","","","",""
"Q11-0441","","","","",""
"Q11-0442","","","","",""
"Q11-0443","","","","",""
"Q11-0444","","","","",""
"Q11-0445","","","","",""
"Q11-0446","","","","",""
"Q11-0447","","","","",""
"Q11-0448","","","","",""
"Q11-0449","","","","",""
"Q11-0450","","","","",""
"Q11-0451","","","","",""
"Q11-0452","","","","",""
"Q11-0453","","","","",""
"Q11-0454","","","","",""
"Q11-0455","","","","",""
"Q11-0456","","","","",""
"Q11-0457","","","","",""
"Q11-0458","","","","",""
"Q11-0459","","","","",""
"Q11-0460","","","","",""
"Q11-0461","","","","",""
"Q11-0462","","","","",""
"Q11-0463","","","","",""
"Q11-0464","","","","",""
"Q11-0465","","","","",""
"Q11-0466","","","","",""
"Q11-0467","","","","",""
"Q11-0468","","","","",""
"Q11-0469","","","","",""
"Q11-0470","","","","",""
"Q11-0471","","","","",""
"Q11-0472","","","","",""
"Q11-0473","","","","",""
"Q11-0474","","","","",""
"Q11-0475","","","","",""
"Q11-0476","","","","",""
"Q11-0477","","","","",""
"Q11-0478","","","","",""
"Q11-0479","","","","",""
"Q11-0480","","","","",""
"Q11-0481","","","","",""
"Q11-0482","","","","",""
"Q11-0483","","","","",""
"Q11-0484","","","","",""
"Q11-0485","","","","",""
"Q11-0486","","","","",""
"Q11-0487","","","","",""
"Q11-0488","","","","",""
"Q11-0489","","","","",""
"Q11-0490","","","","",""
"Q11-0491","","","","",""
"Q11-0492","","","","",""
"Q11-0493","","","","",""
"Q11-0494","","","","",""
"Q11-0495","","","","",""
"Q11-0496","","","","",""
"Q11-0497","","","","",""
"Q11-0498","","","","",""
"Q11-0499","","","","",""
"Q11-0500","","","","",""
"Q11-0501","","","","",""
"Q11-0502","","","","",""
"Q11-0503","","","","",""
"Q11-0504","","","","",""
"Q11-0505","","","","",""
"Q11-0506","","","","",""
"Q11-0507","","","","",""
"Q11-0508","","","","",""
"Q11-0509","","","","",""
"Q11-0510","","","","",""
"Q11-0511","","","","",""
"Q11-0512","","","","",""
"Q11-0513","","","","",""
"Q11-0514","","","","",""
"Q11-0515","","","","",""
"Q11-0516","","","","",""
"Q11-0517","","","","",""
"Q11-0518","","","","",""
"Q11-0519","","","","",""
"Q11-0520","","","","",""
"Q11-0521","","","","",""
"Q11-0522","","","","",""
"Q11-0523","","","","",""
"Q11-0524","","","","",""
"Q11-0525","","","","",""
"Q11-0526","","","","",""
"Q11-0527","","","","",""
"Q11-0528","","","","",""
"Q11-0529","","","","",""
"Q11-0530","","","","",""
"Q11-0531","","","","",""
"Q11-0532","","","","",""
"Q11-0533","","","","",""
"Q11-0534","","","","",""
"Q11-0535","","","","",""
"Q11-0536","","","","",""
"Q11-0537","","","","",""
"Q11-0538","","","","",""
"Q11-0539","","","","",""
"Q11-0540","","","","",""
"Q11-0541","","","","",""
"Q11-0542","","","","",""
"Q11-0543","","","","",""
"Q11-0544","","","","",""
"Q11-0545","","","","",""
"Q11-0546","","","","",""
"Q11-0547","","","","",""
"Q11-0548","","","","",""
"Q11-0549","","","","",""
"Q11-0550","","","","",""
"Q11-0551","","","","",""
"Q11-0552","","","","",""
"Q11-0553","","","","",""
"Q11-0554","","","","",""
"Q11-0555","","","","",""
"Q11-0556","","","","",""
"Q11-0557","","","","",""
"Q11-0558","","","","",""
"Q11-0559","","","","",""
"Q11-0560","","","","",""
"Q11-0561","","","","",""
"Q11-0562","","","","",""
"Q11-0563","","","","",""
"Q11-0564","","","","",""
"Q11-0565","","","","",""
"Q11-0566","","","","",""
"Q11-0567","","","","",""
"Q11-0568","","","","",""
"Q11-0569","","","","",""
"Q11-0570","","","","",""
"Q11-0571","","","","",""
"Q11-0572","","","","",""
"Q11-0573","","","","",""
"Q11-0574","","","","",""
"Q11-0575","","","","",""
"Q11-0576","","","","",""
"Q11-0577","","","","",""
"Q11-0578","","","","",""
"Q11-0579","","","","",""
"Q11-0580","","","","",""
"Q11-0581","","","","",""
"Q11-0582","","","","",""
"Q11-0583","","","","",""
"Q11-0584","","","","",""
"Q11-0585","","","","",""
"Q11-0586","","","","",""
"Q11-0587","","","","",""
"Q11-0588","","","","",""
"Q11-0589","","","","",""
"Q11-0590","","","","",""
"Q11-0591","","","","",""
"Q11-0592","","","","",""
"Q11-0593","","","","",""
"Q11-0594","","","","",""
"Q11-0595","","","","",""
"Q11-0596","","","","",""
"Q11-0597","","","","",""
"Q11-0598","","","","",""
"Q11-0599","","","","",""
"Q11-0600","","","","",""
"Q11-0601","","","","",""
"Q11-0602","","","","",""
"Q11-0603","","","","",""
"Q11-0604","","","","",""
"Q11-0605","","","","",""
"Q11-0606","","","","",""
"Q11-0607","","","","",""
"Q11-0608","","","","",""
"Q11-0609","","","","",""
"Q11-0610","","","","",""
"Q11-0611","","","","",""
"Q11-0612","","","","",""
"Q11-0613","","","","",""
"Q11-0614","","","","",""
"Q11-0615","","","","",""
"Q11-0616","","","","",""
"Q11-0617","","","","",""
"Q11-0618","","","","",""
"Q11-0619","","","","",""
"Q11-0620","","","","",""
"Q11-0621","","","","",""
"Q11-0622","","","","",""
"Q11-0623","","","","",""
"Q11-0624","","","","",""
"Q11-0625","","","","",""
"Q11-0626","","","","",""
"Q11-0627","","","","",""
"Q11-0628","","","","",""
"Q11-0629","","","","",""
"Q11-0630","","","","",""
"Q11-0631","","","","",""
"Q11-0632","","","","",""
"Q11-0633","","","","",""
"Q11-0634","","","","",""
"Q11-0635","","","","",""
"Q11-0636","","","","",""
"Q11-0637","","","","",""
"Q11-0638","","","","",""
"Q11-0639","","","","",""
"Q11-0640","","","","",""
"Q11-0641","","","","",""
"Q11-0642","","","","",""
"Q11-0643","","","","",""
"Q11-0644","","","","",""
"Q11-0645","","","","",""
"Q11-0646","","","","",""
"Q11-0647","","","","",""
"Q11-0648","","","","",""
"Q11-0649","","","","",""
"Q11-0650","","","","",""
"Q11-0651","","","","",""
"Q11-0652","","","","",""
"Q11-0653","","","","",""
"Q11-0654","","","","",""
"Q11-0655","","","","",""
"Q11-0656","","","","",""
"Q11-0657","","","","",""
"Q11-0658","","","","",""
"Q11-0659","","","","",""
"Q11-0660","","","","",""
"Q11-0661","","","","",""
"Q11-0662","","","","",""
"Q11-0663","","","","",""
"Q11-0664","","","","",""
"Q11-0665","","","","",""
"Q11-0666","","","","",""
"Q11-0667","","","","",""
"Q11-0668","","","","",""
"Q11-0669","","","","",""
"Q11-0670","","","","",""
"Q11-0671","","","","",""
"Q11-0672","","","","",""
"Q11-0673","","","","",""
"Q11-0674","","","","",""
"Q11-0675","","","","",""
"Q11-0676","","","","",""
"Q11-0677","","","","",""
"Q11-0678","","","","",""
"Q11-0679","","","","",""
"Q11-0680","","","","",""
"Q11-0681","","","","",""
"Q11-0682","","","","",""
"Q11-0683","","","","",""
"Q11-0684","","","","",""
"Q11-0685","","","","",""
"Q11-0686","","","","",""
"Q11-0687","","","","",""
"Q11-0688","","","","",""
"Q11-0689","","","","",""
"Q11-0690","","","","",""
"Q11-0691","","","","",""
"Q11-0692","","","","",""
"Q11-0693","","","","",""
"Q11-0694","","","","",""
"Q11-0695","","","","",""
"Q11-0696","","","","",""
"Q11-0697","","","","",""
"Q11-0698","","","","",""
"Q11-0699","","","","",""
"Q11-0700","","","","",""
"Q11-0701","","","","",""
"Q11-0702","","","","",""
"Q11-0703","","","","",""
"Q11-0704","","","","",""
"Q11-0705","","","","",""
"Q11-0706","","","","",""
"Q11-0707","","","","",""
"Q11-0708","","","","",""
"Q11-0709","","","","",""
"Q11-0710","","","","",""
"Q11-0711","","","","",""
"Q11-0712","","","","",""
"Q11-0713","","","","",""
"Q11-0714","","","","",""
"Q11-0715","","","","",""
"Q11-0716","","","","",""
"Q11-0717","","","","",""
"Q11-0718","","","","",""
"Q11-0719","","","","",""
"Q11-0720","","","","",""
"Q11-0721","","","","",""
"Q11-0722","","","","",""
"Q11-0723","","","","",""
"Q11-0724","","","","",""
"Q11-0725","","","","",""
"Q11-0726","","","","",""
"Q11-0727","","","","",""
"Q11-0728","","","","",""
"Q11-0729","","","","",""
"Q11-0730","","","","",""
"Q11-0731","","","","",""
"Q11-0732","","","","",""
"Q11-0733","","","","",""
"Q11-0734","","","","",""
"Q11-0735","","","","",""
"Q11-0736","","","","",""
"Q11-0737","","","","",""
"Q11-0738","","","","",""
"Q11-0739","","","","",""
"Q11-0740","","","","",""
"Q11-0741","","","","",""
"Q11-0742","","","","",""
"Q11-0743","","","","",""
"Q11-0744","","","","",""
"Q11-0745","","","","",""
"Q11-0746","","","","",""
"Q11-0747","","","","",""
"Q11-0748","","","","",""
"Q11-0749","","","","",""
"Q11-0750","","","","",""
"Q11-0751","","","","",""
"Q11-0752","","","","",""
"Q11-0753","","","","",""
"Q11-0754","","","","",""
"Q11-0755","","","","",""
"Q11-0756","","","","",""
"Q11-0757","","","","",""
"Q11-0758","","","","",""
"Q11-0759","","","","",""
"Q11-0760","","","","",""
"Q11-0761","","","","",""
"Q11-0762","","","","",""
"Q11-0763","","","","",""
"Q11-0764","","","","",""
"Q11-0765","","","","",""
"Q11-0766","","","","",""
"Q11-0767","","","","",""
"Q11-0768","","","","",""
"Q11-0769","","","","",""
"Q11-0770","","","","",""
"Q11-0771","","","","",""
"Q11-0772","","","","",""
"Q11-0773","","","","",""
"Q11-0774","","","","",""
"Q11-0775","","","","",""
"Q11-0776","","","","",""
"Q11-0777","","","","",""
"Q11-0778","","","","",""
"Q11-0779","","","","",""
"Q11-0780","","","","",""
"Q11-0781","","","","",""
"Q11-0782","","","","",""
"Q11-0783","","","","",""
"Q11-0784","","","","",""
"Q11-0785","","","","",""
"Q11-0786","","","","",""
"Q11-0787","","","","",""
"Q11-0788","","","","",""
"Q11-0789","","","","",""
"Q11-0790","","","","",""
"Q11-0791","","","","",""
"Q11-0792","","","","",""
"Q11-0793","","","","",""
